District,State_x,Representative,Age_0_to_17_with_Pre-existing_Condition,Age_18_to_24_with_Pre-existing_Condition,Age_25_to_34_with_Pre-existing_Condition,Age_35_to_44_with_Pre-existing_Condition,Age_45_to_54_with_Pre-existing_Condition,Age_55_to_64_with_Pre-existing_Condition,Nonelderly_with_Pre-existing_Condition,Percent_of_Nonelderly_with_Pre-existing_Condition,Nonelderly_with_Pre_existing_Condition,State_Abbreviation,CD#,2018_Cook_PVI_Score,Party,flipped_seat,Dem_Votes_2018,GOP_Votes_2018,Other_Votes_2018,Dem_2018_Vote_Share,GOP_2018_Vote_Share,Clinton_Vote_Share,Trump_Vote_Share,City_Lab_Congressional_Index,2018_Cook_PVI_Index,Pct_white,Pct_black,Pct_latino,Pct_asian_and_pacific_islander,Pct_native_american,Pct_other_race,Percent_bach_degree ,Percent_whiteBA,median_income,Percent_noncollege_white
AL-1,Alabama,Bradley Byrne,39200,22300,40700,49700,63500,65100,"280,500",50.0,280500,AL,1,-15,R,No,"89,226","153,228",163,36.8,63.2,34.1,63.5,Rural-suburban mix,R+15,68.7,26.5,1.8,0.9,1.0,1.1,24.0,27.7,47083,49.6
AL-2,Alabama,Martha Roby,38200,23700,41600,48900,61200,62100,"275,700",50.0,275700,AL,2,-16,R,No,"86,931","138,879",420,38.4,61.4,33.0,64.9,Pure rural,R+16,66.1,29.9,1.8,0.7,0.4,1.1,21.8,24.2,42035,50.1
AL-3,Alabama,Mike Rogers,37400,29200,38500,50200,63400,64000,"282,700",50.0,282700,AL,3,-16,R,No,"83,996","147,770",149,36.2,63.7,32.3,65.3,Pure rural,R+16,71.4,25.1,1.7,0.7,0.3,0.9,22.8,23.7,46544,54.4
AL-4,Alabama,Robert Aderholt,37800,19900,36900,48600,61400,63900,"268,500",50.0,268500,AL,4,-30,R,No,"46,492","184,255",222,20.1,79.8,17.4,80.4,Pure rural,R+30,88.8,6.9,1.8,0.5,0.7,1.3,17.0,17.8,41110,73.0
AL-5,Alabama,Mo Brooks,37600,23900,40600,50000,74100,69800,"296,000",51.0,296000,AL,5,-18,R,No,"101,388","159,063",222,38.9,61.0,31.3,64.7,Rural-suburban mix,R+18,77.3,17.1,2.2,1.1,0.6,1.6,30.3,31.0,51690,53.3
AL-6,Alabama,Gary Palmer,39600,21000,41100,55900,68300,67200,"293,000",51.0,293000,AL,6,-26,R,No,"85,644","192,542",142,30.8,69.2,26.1,70.8,Rural-suburban mix,R+26,81.8,14.4,1.6,1.0,0.2,0.9,36.7,38.2,61413,50.5
AL-7,Alabama,Terri Sewell,35200,30700,41800,44800,51800,59200,"263,400",49.0,263400,AL,7,20,D,No,"185,010",0,"4,153",97.8,0.0,69.8,28.6,Rural-suburban mix,D+20,35.6,62.1,1.1,0.4,0.1,0.8,19.4,28.5,34664,25.4
AK-AL,Alaska,Don Young,44600,30200,54200,53400,67900,76200,"326,400",50.0,326400,AK,AL,-9,R,No,"131,199","149,779","1,188",46.5,53.1,37.6,52.8,Pure rural,R+9,67.9,3.1,5.4,5.0,13.0,5.6,29.6,36.7,76440,42.9
AZ-1,Arizona,Tom O'Halleran,44300,29800,43400,52700,58400,71100,"299,700",49.0,299700,AZ,1,-2,D,Yes (to Democrats),"143,240","122,784",65,53.8,46.1,46.6,47.7,Pure rural,R+2,56.1,2.2,17.1,1.3,21.8,1.6,24.5,34.2,50537,36.8
AZ-2,Arizona,Ann Kirkpatrick,33900,27000,39300,43800,61700,74600,"280,300",51.0,280300,AZ,2,-1,D,Yes (to Democrats),"161,000","133,083",69,54.7,45.2,49.6,44.7,Dense suburban,R+1,70.0,3.6,21.1,2.5,0.9,1.8,34.0,38.8,49072,42.8
AZ-3,Arizona,Raul Grijalva,49600,35300,50800,55000,62900,55800,"309,400",47.0,309400,AZ,3,13,D,No,"114,650","64,868",0,63.9,36.1,62.4,32.5,Dense suburban,D+13,37.5,5.0,51.1,1.7,3.5,1.3,16.5,26.9,44224,27.3
AZ-4,Arizona,Paul Gosar,34400,19000,33300,44000,62700,80400,"273,800",53.0,273800,AZ,4,-21,R,No,"84,521","188,842","3,672",30.5,68.2,27.5,67.7,Rural-suburban mix,R+21,81.8,1.7,12.6,1.1,1.5,1.4,19.2,20.5,49466,64.9
AZ-5,Arizona,Andy Biggs,49000,22900,41800,62800,77500,73200,"327,200",50.0,327200,AZ,5,-15,R,No,"127,027","186,037",0,40.6,59.4,36.5,57.6,Dense suburban,R+15,78.0,2.9,13.3,3.7,0.8,1.4,36.0,37.5,71693,48.7
AZ-6,Arizona,David Schweikert,36700,20400,45100,55600,79000,76900,"313,600",53.0,313600,AZ,6,-9,R,No,"140,559","173,140",0,44.8,55.2,42.4,52.4,Dense suburban,R+9,81.4,2.5,10.3,3.0,1.4,1.4,45.4,48.5,67830,41.9
AZ-7,Arizona,Ruben Gallego,55700,32300,56600,62300,60300,48800,"316,000",46.0,316000,AZ,7,23,D,No,"113,044",301,"18,706",85.6,0.2,71.8,22.6,Urban-suburban mix,D+23,33.9,12.1,47.1,2.5,2.9,1.4,14.0,26.5,40991,24.9
AZ-8,Arizona,Debbie Lesko,42100,22000,40300,53000,71500,72100,"301,100",51.0,301100,AZ,8,-13,R,No,"135,569","168,835",13,44.5,55.5,37.0,58.1,Dense suburban,R+13,76.2,4.2,14.6,2.7,0.7,1.5,29.4,31.3,61754,52.3
AZ-9,Arizona,Greg Stanton,40600,36500,63700,60700,73500,67200,"342,100",50.0,342100,AZ,9,4,D,No,"159,583","101,662",0,61.1,38.9,54.7,38.4,Urban-suburban mix,D+4,67.9,5.3,18.7,3.6,2.7,1.9,37.5,44.7,55349,37.4
AR-1,Arkansas,Rick Crawford,39900,22300,39700,51100,63500,64600,"281,100",50.0,281100,AR,1,-17,R,No,"57,907","138,757","4,581",28.8,68.9,30.2,65.0,Pure rural,R+17,79.6,16.9,1.8,0.3,0.4,1.1,16.5,17.6,40492,65.6
AR-2,Arkansas,French Hill,42700,27700,48500,54500,67900,65900,"307,200",50.0,307200,AR,2,-7,R,No,"116,135","132,125","5,193",45.8,52.1,41.7,52.4,Rural-suburban mix,R+7,73.7,21.2,2.4,1.0,0.3,1.4,30.0,32.5,49498,49.7
AR-3,Arkansas,Steve Womack,47000,30500,50000,55100,67300,64600,"314,500",49.0,314500,AR,3,-19,R,No,"74,952","148,717","6,039",32.6,64.7,30.5,61.9,Rural-suburban mix,R+19,86.2,2.9,5.9,1.9,1.1,2.0,26.9,28.8,47903,61.3
AR-4,Arkansas,Bruce Westerman,39000,23400,34700,45900,64700,67000,"274,700",50.0,274700,AR,4,-17,R,No,"63,984","136,740","4,168",31.2,66.7,31.3,64.2,Pure rural,R+17,76.5,19.1,2.2,0.4,0.6,1.2,15.8,17.0,39586,63.4
CA-1,California,Doug LaMalfa,34100,25500,38300,41300,59900,79300,"278,500",52.0,278500,CA,1,-11,R,No,"131,548","160,046",0,45.1,54.9,36.5,56.2,Rural-suburban mix,R+11,82.7,1.5,9.4,2.2,1.5,2.7,23.7,25.7,47488,61.4
CA-2,California,Jared Huffman,34200,22300,36600,51400,72400,84300,"301,300",53.0,301300,CA,2,22,D,No,"243,081","72,576",0,77.0,23.0,69.0,23.3,Rural-suburban mix,D+22,80.6,1.6,9.7,3.4,1.8,2.9,40.8,45.9,66604,43.5
CA-3,California,John Garamendi,42300,33200,46200,50500,65300,65500,"303,100",49.0,303100,CA,3,5,D,No,"134,875","97,376",0,58.1,41.9,53.0,40.4,Rural-suburban mix,D+5,58.8,6.8,19.6,10.5,0.8,3.5,25.1,28.5,61508,41.9
CA-4,California,Tom McClintock,34700,20400,33900,49200,74400,83500,"296,100",53.0,296100,CA,4,-10,R,No,"156,253","184,401",0,45.9,54.1,39.3,54.0,Rural-suburban mix,R+10,82.3,1.3,9.1,4.0,0.9,2.4,33.3,33.7,74074,54.5
CA-5,California,Mike Thompson,36700,24200,45300,52100,70100,78900,"307,400",52.0,307400,CA,5,21,D,No,"205,860",0,"55,158",78.9,0.0,69.2,24.3,Dense suburban,D+21,61.8,6.6,16.8,11.0,0.5,3.3,31.2,37.5,73006,38.5
CA-6,California,Doris Matsui,44800,26900,58500,56400,62000,61000,"309,500",49.0,309500,CA,6,21,D,No,"201,939",0,0,100.0,0.0,69.2,24.4,Urban-suburban mix,D+21,46.3,13.6,20.2,15.8,0.5,3.7,27.5,36.6,51932,29.2
CA-7,California,Ami Bera,40400,23200,46700,54800,75600,75600,"316,200",51.0,316200,CA,7,3,D,No,"155,016","126,601",0,55.0,45.0,52.3,40.9,Dense suburban,D+3,61.6,7.6,13.0,13.7,0.5,3.5,32.9,34.1,68735,40.5
CA-8,California,Paul Cook,46100,27600,43400,44500,63900,64400,"289,900",48.0,289900,CA,8,-9,R,No,0,"170,785",0,0.0,100.0,39.6,54.7,Rural-suburban mix,R+9,56.2,8.0,29.8,3.1,0.9,1.9,17.1,20.6,49194,44.5
CA-9,California,Jerry McNerney,48800,27800,46700,53400,69900,61200,"307,800",48.0,307800,CA,9,8,D,No,"113,414","87,349",0,56.5,43.5,56.6,38.0,Dense suburban,D+8,45.7,9.7,27.3,13.9,0.4,3.0,19.1,24.4,61454,34.4
CA-10,California,Josh Harder,48000,26900,45000,55600,71400,64200,"311,200",49.0,311200,CA,10,0,D,Yes (to Democrats),"115,945","105,955",0,52.3,47.7,48.5,45.5,Dense suburban,EVEN,55.6,3.5,30.8,6.8,0.5,2.8,16.6,21.0,60235,43.8
CA-11,California,Mark DeSaulnier,40200,23500,45300,56300,79000,79700,"323,900",52.0,323900,CA,11,21,D,No,"204,369","71,312",0,74.1,25.9,71.5,22.7,Urban-suburban mix,D+21,57.6,9.5,16.0,13.3,0.3,3.4,43.6,56.5,86000,25.0
CA-12,California,Nancy Pelosi,23500,18000,82700,71300,75000,67700,"338,300",54.0,338300,CA,12,37,D,No,"275,292","41,780",0,86.8,13.2,86.2,8.7,Pure urban,D+37,49.5,5.7,11.0,30.7,0.2,3.0,59.5,78.1,105918,10.8
CA-13,California,Barbara Lee,34200,28600,62000,64500,73500,67400,"330,200",51.0,330200,CA,13,40,D,No,"260,580",0,"34,257",88.4,0.0,87.4,6.8,Pure urban,D+40,42.0,19.8,13.6,20.2,0.4,3.9,47.2,70.8,73601,12.2
CA-14,California,Jackie Speier,36000,23900,51900,63100,78100,80300,"333,200",53.0,333200,CA,14,27,D,No,"211,384","55,439",0,79.2,20.8,76.9,18.2,Urban-suburban mix,D+27,42.9,3.6,17.3,33.2,0.2,2.7,47.5,56.9,103850,18.4
CA-15,California,Eric Swalwell,45300,20400,48800,69100,82000,77200,"342,800",51.0,342800,CA,15,20,D,No,"177,989","65,940",0,73.0,27.0,69.9,24.2,Urban-suburban mix,D+20,43.9,7.0,17.1,28.7,0.3,3.0,45.0,47.1,106291,23.2
CA-16,California,Jim Costa,54800,30700,50700,52500,60400,51000,"300,200",46.0,300200,CA,16,9,D,No,"82,266","60,693",0,57.5,42.5,58.0,36.4,Dense suburban,D+9,34.6,7.6,46.1,9.3,0.6,1.8,12.2,21.3,40207,27.1
CA-17,California,Ro Khanna,38600,22900,60300,71800,77800,67500,"338,900",51.0,338900,CA,17,25,D,No,"159,105","52,057",0,75.3,24.7,73.9,20.5,Pure urban,D+25,34.5,3.1,14.2,45.4,0.3,2.5,57.0,54.4,121150,15.7
CA-18,California,Anna Eshoo,40200,20900,44200,60900,83400,75600,"325,300",52.0,325300,CA,18,23,D,No,"225,142","77,096",0,74.5,25.5,73.4,20.2,Urban-suburban mix,D+23,65.2,2.0,11.7,18.3,0.2,2.6,61.5,65.1,125790,22.7
CA-19,California,Zoe Lofgren,42900,27500,49400,63900,81500,70900,"336,200",51.0,336200,CA,19,24,D,No,"162,496","57,823",0,73.8,26.2,72.9,21.5,Urban-suburban mix,D+24,34.2,3.4,30.9,28.7,0.3,2.5,35.5,48.8,93139,17.5
CA-20,California,Jimmy Panetta,42900,33200,46800,52700,64800,67100,"307,400",49.0,307400,CA,20,23,D,No,"183,677",0,"42,044",81.4,0.0,70.4,23.2,Urban-suburban mix,D+23,54.5,2.6,33.8,6.0,0.3,2.7,27.9,43.5,67419,30.7
CA-21,California,T.J. Cox,52600,29700,50000,54700,57000,47200,"291,100",46.0,291100,CA,21,5,D,Yes (to Democrats),"57,239","56,377",0,50.4,49.6,55.2,39.7,Rural-suburban mix,D+5,29.1,6.3,58.7,3.8,0.7,1.5,7.9,19.5,41174,23.3
CA-22,California,Devin Nunes,46700,29300,49300,50500,64200,58700,"298,800",48.0,298800,CA,22,-8,R,No,"105,136","117,243",0,47.3,52.7,42.6,52.1,Dense suburban,R+8,51.7,3.2,35.6,7.1,0.5,1.8,24.1,31.6,56524,35.3
CA-23,California,Kevin McCarthy,49500,25900,48400,53100,64400,63600,"304,900",48.0,304900,CA,23,-14,R,No,"74,661","131,113",0,36.3,63.7,36.1,58.1,Dense suburban,R+14,57.1,6.6,29.1,4.4,0.7,2.1,20.8,24.6,54437,42.9
CA-24,California,Salud Carbajal,36300,42600,42900,46800,63200,71500,"303,200",50.0,303200,CA,24,7,D,No,"166,550","117,881",0,58.6,41.4,56.7,36.5,Sparse suburban,D+7,68.0,2.2,22.7,4.5,0.4,2.2,34.0,44.8,68929,37.5
CA-25,California,Katie Hill,44000,26800,41500,53700,78100,66700,"310,900",50.0,310900,CA,25,0,D,Yes (to Democrats),"133,209","111,813",0,54.4,45.6,50.3,43.6,Dense suburban,EVEN,52.4,8.1,29.0,7.7,0.3,2.5,27.8,33.3,75367,34.9
CA-26,California,Julia Brownley,41800,26400,43400,52300,72100,72700,"308,700",51.0,308700,CA,26,7,D,No,"158,216","97,210",0,61.9,38.1,57.9,36.0,Dense suburban,D+7,57.0,2.1,32.0,6.6,0.3,2.0,34.1,46.3,76914,30.6
CA-27,California,Judy Chu,34900,21600,44900,58600,78000,77900,"315,800",53.0,315800,CA,27,16,D,No,"202,636",0,0,100.0,0.0,66.0,28.4,Urban-suburban mix,D+16,33.5,5.4,24.5,34.7,0.2,1.7,40.5,53.1,71223,15.6
CA-28,California,Adam Schiff,27000,20200,64500,57900,78900,74900,"323,300",54.0,323300,CA,28,23,D,No,"196,662","54,272",0,78.4,21.6,72.1,22.3,Pure urban,D+23,62.1,3.3,19.9,12.1,0.2,2.5,46.2,51.6,63940,29.9
CA-29,California,Tony Cardenas,41800,27800,56500,60400,67000,58800,"312,200",49.0,312200,CA,29,29,D,No,"124,697","29,995",0,80.6,19.4,77.7,16.8,Pure urban,D+29,28.3,5.4,55.3,9.4,0.3,1.2,19.2,34.5,50655,18.4
CA-30,California,Brad Sherman,36500,25200,56500,65000,82400,72700,"338,300",52.0,338300,CA,30,18,D,No,"191,573","69,420",0,73.4,26.6,69.1,25.7,Urban-suburban mix,D+18,59.7,5.2,21.0,11.5,0.2,2.4,42.4,49.3,76778,30.2
CA-31,California,Pete Aguilar,46900,32100,52300,55200,65500,59200,"311,100",48.0,311100,CA,31,8,D,No,"110,143","77,352",0,58.7,41.3,57.7,36.6,Dense suburban,D+8,35.2,12.0,43.3,7.2,0.3,2.1,22.7,33.7,58668,23.2
CA-32,California,Grace Napolitano,39600,29100,48800,53400,74700,67500,"313,100",50.0,313100,CA,32,17,D,No,"121,759","55,272",0,68.8,31.2,66.6,27.7,Urban-suburban mix,D+17,22.6,3.5,54.3,18.1,0.3,1.3,21.4,30.6,67101,15.6
CA-33,California,Ted Lieu,33000,25000,44000,57600,80400,73200,"313,200",53.0,313200,CA,33,16,D,No,"219,091","93,769",0,70.0,30.0,67.8,26.5,Urban-suburban mix,D+16,71.1,2.9,11.0,11.9,0.2,2.9,65.4,68.1,101956,22.6
CA-34,California,Jimmy Gomez,37800,29200,64500,64500,67500,58200,"321,700",50.0,321700,CA,34,35,D,No,"110,195",0,"41,711",72.5,0.0,83.6,10.7,Pure urban,D+35,17.9,7.1,51.0,22.2,0.3,1.5,25.4,59.4,40847,7.2
CA-35,California,Norma Torres,48200,32200,53100,63500,72200,53200,"322,300",48.0,322300,CA,35,19,D,No,"103,420","45,604",0,69.4,30.6,67.7,26.9,Urban-suburban mix,D+19,21.8,8.8,59.8,7.3,0.3,2.0,16.1,23.8,57159,16.5
CA-36,California,Raul Ruiz,42700,23100,41900,52600,62800,66000,"289,100",50.0,289100,CA,36,2,D,No,"122,169","84,839",0,59.0,41.0,52.2,43.4,Dense suburban,D+2,55.8,4.6,34.4,3.1,0.6,1.5,20.6,29.8,44567,39.1
CA-37,California,Karen Bass,33300,31300,60700,59400,68700,60900,"314,300",51.0,314300,CA,37,37,D,No,"210,555","25,823",0,89.1,10.9,85.7,9.6,Pure urban,D+37,32.3,29.5,25.7,10.0,0.2,2.4,36.9,66.6,55190,10.7
CA-38,California,Linda Sanchez,39500,28700,45500,59500,70400,66700,"310,300",50.0,310300,CA,38,17,D,No,"139,188","62,968",0,68.9,31.1,67.0,27.4,Pure urban,D+17,22.8,4.4,55.4,15.9,0.4,1.1,23.5,25.6,66421,16.8
CA-39,California,Gil Cisneros,38400,26100,44700,54000,79200,78300,"320,700",52.0,320700,CA,39,0,D,Yes (to Democrats),"126,002","118,391",0,51.6,48.4,51.5,42.9,Dense suburban,EVEN,39.6,2.5,27.2,28.5,0.2,2.0,41.6,43.7,85188,22.2
CA-40,California,Lucille Roybal-Allard,49100,31600,49600,61100,65100,54500,"311,000",48.0,311000,CA,40,33,D,No,"93,938",0,"27,511",77.3,0.0,82.2,12.8,Pure urban,D+33,8.7,7.9,79.0,3.7,0.2,0.5,9.8,24.6,42902,6.5
CA-41,California,Mark Takano,47400,37600,53000,54200,67900,56600,"316,700",48.0,316700,CA,41,12,D,No,"108,227","58,021",0,65.1,34.9,61.0,33.1,Dense suburban,D+12,33.6,11.2,46.6,6.1,0.4,2.0,18.3,28.2,62069,24.0
CA-42,California,Ken Calvert,50000,25100,46200,61200,80900,70100,"333,500",50.0,333500,CA,42,-9,R,No,"100,892","131,040",0,43.5,56.5,41.4,53.4,Sparse suburban,R+9,52.2,5.9,30.0,9.0,0.4,2.5,25.0,27.4,76504,37.8
CA-43,California,Maxine Waters,43500,28600,51700,60600,71600,61800,"317,800",49.0,317800,CA,43,29,D,No,"152,272","43,780",0,77.7,22.3,78.4,16.7,Pure urban,D+29,20.6,28.7,33.9,13.8,0.2,2.8,26.5,46.2,54614,11.0
CA-44,California,Nanette Barragan,45900,31000,47900,52500,69700,54500,"301,500",48.0,301500,CA,44,35,D,No,"143,322",0,0,100.0,0.0,83.0,12.3,Pure urban,D+35,10.9,22.5,56.8,7.8,0.3,1.7,12.3,26.5,50890,8.0
CA-45,California,Katie Porter,39000,29200,46100,57300,88700,78100,"338,400",52.0,338400,CA,45,-3,D,Yes (to Democrats),"158,906","146,383",0,52.1,47.9,49.8,44.4,Urban-suburban mix,R+3,60.9,1.9,14.2,20.4,0.2,2.5,56.0,56.5,97356,26.4
CA-46,California,Lou Correa,46800,30600,58100,62800,69500,49500,"317,300",48.0,317300,CA,46,15,D,No,"102,278","45,638",0,69.1,30.9,66.3,27.9,Pure urban,D+15,31.6,2.2,47.8,16.8,0.2,1.3,18.7,31.0,61304,21.7
CA-47,California,Alan Lowenthal,38000,25100,50300,55400,77500,65800,"312,100",51.0,312100,CA,47,13,D,No,"143,354","77,682",0,64.9,35.1,62.6,31.0,Pure urban,D+13,41.5,8.3,24.7,22.5,0.4,2.6,32.0,43.2,65450,23.5
CA-48,California,Harley Rouda,33900,20100,45800,54500,79300,82500,"316,200",53.0,316200,CA,48,-4,D,Yes (to Democrats),"157,837","136,899",0,53.6,46.4,47.9,46.2,Urban-suburban mix,R+4,64.1,1.3,14.3,18.0,0.3,2.1,44.6,52.2,88903,30.6
CA-49,California,Mike Levin,37700,29200,44900,52400,69700,73100,"307,000",51.0,307000,CA,49,-1,D,Yes (to Democrats),"166,453","128,577",0,56.4,43.6,50.7,43.2,Dense suburban,R+1,70.3,2.8,18.1,6.3,0.3,2.2,44.0,52.0,80877,33.7
CA-50,California,Duncan Hunter,43200,26200,47600,55300,75600,72700,"320,600",50.0,320600,CA,50,-11,R,No,"125,448","134,362",0,48.3,51.7,39.6,54.6,Dense suburban,R+11,67.3,2.9,20.8,5.7,0.8,2.5,28.2,33.5,71692,44.7
CA-51,California,Juan Vargas,44800,31900,49500,50200,66200,56600,"299,400",48.0,299400,CA,51,22,D,No,"109,527","44,301",0,71.2,28.8,71.8,22.8,Urban-suburban mix,D+22,20.7,8.5,59.3,9.4,0.5,1.5,14.1,26.6,46639,15.2
CA-52,California,Scott Peters,35300,29800,61400,60800,73400,69000,"329,600",51.0,329600,CA,52,6,D,No,"188,992","107,015",0,63.8,36.2,58.1,35.6,Urban-suburban mix,D+6,66.0,3.2,11.9,15.9,0.3,2.7,57.4,61.2,90854,25.5
CA-53,California,Susan Davis,38000,30300,65900,64900,71400,66800,"337,300",50.0,337300,CA,53,14,D,No,"185,667","83,127",0,69.1,30.9,64.5,29.6,Urban-suburban mix,D+14,48.9,8.3,26.6,12.9,0.3,3.0,37.8,48.1,69314,25.3
CO-1,Colorado,Diana DeGette,39100,24600,79000,72100,68300,69200,"352,300",51.0,352300,CO,1,21,D,No,"272,886","85,207","11,622",73.8,23.0,69.0,23.2,Urban-suburban mix,D+21,68.9,8.2,18.0,2.5,0.6,1.9,47.6,60.5,62718,27.2
CO-2,Colorado,Joe Neguse,36900,38600,49900,59100,77800,83900,"346,200",52.0,346200,CO,2,9,D,No,"259,608","144,901","26,256",60.3,33.6,56.2,34.9,Sparse suburban,D+9,88.1,0.8,7.2,2.1,0.3,1.5,54.3,56.8,75659,38.0
CO-3,Colorado,Scott Tipton,38800,24400,44100,51100,65800,80800,"305,100",51.0,305100,CO,3,-6,R,No,"146,426","173,205","16,570",43.6,51.5,40.0,52.0,Pure rural,R+6,77.6,0.8,18.3,0.7,1.4,1.2,29.2,34.0,50817,51.2
CO-4,Colorado,Ken Buck,48800,24300,45800,63400,78400,77900,"338,600",50.0,338600,CO,4,-13,R,No,"145,544","224,038",39,39.4,60.6,34.3,57.4,Rural-suburban mix,R+13,80.1,1.3,15.5,1.3,0.6,1.3,34.9,39.4,67878,48.5
CO-5,Colorado,Doug Lamborn,43600,31200,52000,54800,72200,73500,"327,300",50.0,327300,CO,5,-14,R,No,"126,848","184,002","11,866",39.3,57.0,33.2,57.2,Dense suburban,R+14,77.6,5.4,11.6,2.2,0.4,2.8,37.0,40.9,62372,45.8
CO-6,Colorado,Jason Crow,48300,25200,50700,67100,83400,72000,"346,700",50.0,346700,CO,6,2,D,Yes (to Democrats),"187,639","148,685","10,498",54.1,42.9,50.2,41.3,Dense suburban,D+2,72.3,8.5,12.3,4.4,0.4,2.1,41.8,49.4,76451,36.5
CO-7,Colorado,Ed Perlmutter,43800,25500,55600,61600,73100,75100,"334,700",50.0,334700,CO,7,6,D,No,"204,260","119,734","14,073",60.4,35.4,51.4,39.4,Dense suburban,D+6,74.3,1.4,19.7,2.7,0.5,1.4,32.5,39.2,66063,45.1
CT-1,Connecticut,John Larson,35200,23300,42600,50400,74900,75200,"301,800",52.0,301800,CT,1,12,D,No,"175,087","96,024","3,029",63.9,35.0,59.4,36.3,Sparse suburban,D+12,69.9,12.8,13.1,2.7,0.1,1.4,36.8,42.7,70215,39.9
CT-2,Connecticut,Joe Courtney,33100,30100,38500,46700,75200,81100,"304,500",53.0,304500,CT,2,3,D,No,"179,731","102,483","6,900",62.2,35.4,48.7,45.8,Rural-suburban mix,D+3,86.4,3.5,5.9,2.2,0.2,1.8,35.1,36.3,74784,55.0
CT-3,Connecticut,Rosa DeLauro,35200,29300,44500,48900,75800,73300,"306,900",52.0,306900,CT,3,9,D,No,"174,572","95,667",0,64.6,35.4,55.9,40.4,Sparse suburban,D+9,73.0,12.3,10.5,2.7,0.2,1.3,36.2,39.9,67774,43.7
CT-4,Connecticut,Jim Himes,41900,25200,37600,54400,83900,77800,"320,800",52.0,320800,CT,4,7,D,No,"168,726","106,921",4,61.2,38.8,59.6,36.6,Sparse suburban,D+7,71.4,11.5,12.5,3.6,0.1,0.8,48.8,60.7,94862,28.0
CT-5,Connecticut,Jahana Hayes,36800,21500,38200,50000,77400,83200,"307,100",53.0,307100,CT,5,2,D,No,"151,225","119,426",13,55.9,44.1,49.9,45.8,Sparse suburban,D+2,78.3,5.8,12.5,2.3,0.1,1.0,36.3,40.0,68904,46.8
DE-AL,Delaware,Lisa Blunt Rochester,48600,32500,56300,63100,93100,95500,"389,100",51.0,389100,DE,AL,6,D,No,"227,353","125,384",0,64.5,35.5,53.4,41.9,Sparse suburban,D+6,70.5,20.6,5.1,2.2,0.3,1.3,31.0,33.8,61757,46.6
FL-1,Florida,Matt Gaetz,38200,27800,47400,49000,70300,65600,"298,300",50.0,298300,FL,1,-22,R,No,"106,199","216,189",0,32.9,67.1,28.2,67.5,Rural-suburban mix,R+22,77.5,12.8,4.5,2.1,0.5,2.5,27.9,30.5,53006,53.8
FL-2,Florida,Neal Dunn,34400,29900,43500,48900,65700,64900,"287,400",51.0,287400,FL,2,-18,R,No,"96,233","199,335",0,32.6,67.4,30.6,66.2,Rural-suburban mix,R+18,79.9,12.8,4.3,1.2,0.4,1.3,23.4,24.3,46062,60.5
FL-3,Florida,Ted Yoho,35000,31700,42300,45900,62600,62700,"280,300",50.0,280300,FL,3,-9,R,No,"129,880","176,616",0,42.4,57.6,40.2,56.2,Pure rural,R+9,73.5,15.0,7.2,2.5,0.3,1.5,25.9,26.5,45970,54.0
FL-4,Florida,John Rutherford,39700,25000,47000,53500,71600,66300,"303,100",50.0,303100,FL,4,-17,R,No,"123,351","248,420","9,478",32.4,65.2,34.1,62.1,Sparse suburban,R+17,80.2,8.8,6.0,3.2,0.2,1.6,39.2,39.8,68229,48.2
FL-5,Florida,Al Lawson,37500,35800,49100,50200,65100,60700,"298,500",49.0,298500,FL,5,12,D,No,"180,527","89,799",0,66.8,33.2,61.3,35.9,Sparse suburban,D+12,45.6,45.3,5.4,1.9,0.3,1.5,21.4,25.0,40932,34.1
FL-6,Florida,Michael Waltz,32100,20400,34700,44500,67800,73600,"273,000",53.0,273000,FL,6,-7,R,No,"145,758","187,891",0,43.7,56.3,39.9,56.9,Sparse suburban,R+7,79.2,9.3,9.0,1.3,0.3,0.9,23.9,24.9,46882,59.4
FL-7,Florida,Stephanie Murphy,39200,29900,50600,57100,72900,60500,"310,200",50.0,310200,FL,7,0,D,No,"183,113","134,285",0,57.7,42.3,51.4,44.1,Sparse suburban,EVEN,65.7,9.6,19.9,3.3,0.1,1.4,37.8,44.3,57146,36.5
FL-8,Florida,Bill Posey,32300,19100,34600,42300,71800,73500,"273,700",53.0,273700,FL,8,-11,R,No,"142,415","218,112",0,39.5,60.5,37.7,58.4,Sparse suburban,R+11,80.9,8.5,7.4,1.5,0.2,1.4,29.0,30.4,50752,56.2
FL-9,Florida,Darren Soto,43300,26300,48700,57200,68600,59400,"303,500",49.0,303500,FL,9,5,D,No,"172,172","124,565",0,58.0,42.0,54.8,41.9,Sparse suburban,D+5,51.4,11.3,33.2,2.6,0.2,1.2,24.6,28.8,49899,36.4
FL-10,Florida,Val Demings,41200,34100,57000,60200,70500,55600,"318,600",49.0,318600,FL,10,11,D,No,0,0,0,100.0,0.0,61.8,34.9,Sparse suburban,D+11,46.1,25.5,21.9,4.7,0.1,1.7,30.3,38.3,50151,28.2
FL-11,Florida,Dan Webster,29100,15400,29500,39700,59400,74100,"247,300",54.0,247300,FL,11,-15,R,No,"128,053","239,395",58,34.8,65.1,32.5,64.8,Rural-suburban mix,R+15,84.4,6.2,7.3,0.9,0.3,0.9,20.6,21.2,43610,66.4
FL-12,Florida,Gus Bilirakis,33800,17900,36900,49400,70200,68900,"277,000",52.0,277000,FL,12,-8,R,No,"132,844","194,564","7,510",39.7,58.1,38.8,57.4,Sparse suburban,R+8,84.0,3.9,9.0,1.9,0.3,0.9,26.9,26.7,49774,61.5
FL-13,Florida,Charlie Crist,29200,19500,37700,45700,73100,75400,"280,500",54.0,280500,FL,13,2,D,No,"182,717","134,254",0,57.6,42.4,49.6,46.4,Dense suburban,D+2,78.1,11.2,6.4,2.8,0.3,1.2,27.8,28.8,48519,55.5
FL-14,Florida,Kathy Castor,41400,26700,51100,58200,71200,60100,"308,800",50.0,308800,FL,14,7,D,No,0,0,0,100.0,0.0,57.2,39.0,Dense suburban,D+7,55.1,17.0,22.8,3.3,0.2,1.5,35.3,46.5,51410,29.4
FL-15,Florida,Ross Spano,40200,24000,45600,53600,67400,61800,"292,600",50.0,292600,FL,15,-6,R,No,"134,132","151,380",20,47.0,53.0,43.1,53.1,Sparse suburban,R+6,67.3,13.2,15.4,2.5,0.2,1.4,25.8,27.3,53784,48.8
FL-16,Florida,Vern Buchanan,33900,19400,36900,46200,66400,71500,"274,300",52.0,274300,FL,16,-7,R,No,"164,463","197,483",0,45.4,54.6,43.0,53.7,Sparse suburban,R+7,80.3,7.6,9.4,1.6,0.2,0.9,30.7,33.2,55447,53.5
FL-17,Florida,Greg Steube,30500,17500,32200,40900,60400,71700,"253,100",53.0,253100,FL,17,-13,R,No,"117,194","193,326",0,37.7,62.3,35.0,62.2,Rural-suburban mix,R+13,82.4,6.8,8.8,1.1,0.2,0.8,21.3,23.2,45508,63.2
FL-18,Florida,Brian Mast,34500,19300,36500,46900,68100,67000,"272,400",52.0,272400,FL,18,-5,R,No,"156,454","185,905",0,45.7,54.3,44.1,53.3,Sparse suburban,R+5,76.8,10.7,10.0,1.6,0.2,0.8,30.5,33.6,54913,50.9
FL-19,Florida,Francis Rooney,33600,18500,36900,45600,64000,71600,"270,200",52.0,270200,FL,19,-13,R,No,"128,106","211,465",36,37.7,62.3,37.5,59.6,Sparse suburban,R+13,81.6,5.7,10.7,1.2,0.2,0.7,32.3,37.1,54812,51.3
FL-20,Florida,Alcee Hastings,37200,21500,43800,54600,74000,63900,"294,900",51.0,294900,FL,20,31,D,No,"202,659",0,165,100.0,0.0,80.2,18.1,Urban-suburban mix,D+31,25.6,51.2,19.4,2.5,0.1,1.3,19.7,27.2,43677,18.5
FL-21,Florida,Lois Frankel,34700,19500,39400,49500,69100,63800,"276,000",52.0,276000,FL,21,9,D,No,0,0,0,100.0,0.0,58.6,39.1,Dense suburban,D+9,70.5,11.6,14.7,2.1,0.1,0.9,34.3,40.5,55864,41.8
FL-22,Florida,Ted Deutch,37700,22000,44800,55700,75000,63900,"299,200",51.0,299200,FL,22,6,D,No,"184,634","113,049",0,62.0,38.0,56.8,41.0,Dense suburban,D+6,68.7,11.6,15.8,2.5,0.2,1.2,37.9,43.2,60159,38.9
FL-23,Florida,Debbie Wasserman Schultz,38300,22900,46300,57400,76200,63400,"304,400",51.0,304400,FL,23,11,D,No,"161,611","99,446","15,309",58.5,36.0,61.9,35.8,Urban-suburban mix,D+11,51.8,12.5,30.8,3.4,0.3,1.1,38.6,39.7,61513,31.1
FL-24,Florida,Frederica Wilson,37200,25700,48200,60200,75600,59500,"306,400",51.0,306400,FL,24,34,D,No,0,0,0,100.0,0.0,82.9,15.4,Urban-suburban mix,D+34,15.7,50.5,31.6,1.4,0.1,0.7,19.4,35.9,38441,9.9
FL-25,Florida,Mario Diaz-Balart,36600,23900,45000,56000,71500,60400,"293,400",51.0,293400,FL,25,-4,R,No,"84,173","128,672",0,39.5,60.5,47.9,49.7,Urban-suburban mix,R+4,26.5,3.9,68.0,1.0,0.2,0.3,22.7,33.9,46247,17.5
FL-26,Florida,Debbie Mucarsel-Powell,36000,25200,47700,59800,76000,62000,"306,600",51.0,306600,FL,26,6,D,Yes (to Democrats),"119,797","115,678",0,50.9,49.1,56.8,40.5,Urban-suburban mix,D+6,22.4,11.7,63.5,1.6,0.1,0.6,27.2,32.8,54453,15.0
FL-27,Florida,Donna Shalala,37100,26100,48500,60600,75500,58900,"306,700",51.0,306700,FL,27,5,D,Yes (to Democrats),"130,743","115,588","6,255",51.8,45.8,58.5,38.9,Urban-suburban mix,D+5,27.8,5.0,64.6,1.9,0.1,0.6,37.5,63.8,51958,9.9
GA-1,Georgia,Buddy Carter,40900,28600,49000,51100,63400,64600,"297,600",49.0,297600,GA,1,-9,R,No,"105,942","144,741",0,42.3,57.7,40.9,56.4,Rural-suburban mix,R+9,64.0,29.1,3.8,1.4,0.3,1.3,25.0,28.2,50931,45.9
GA-2,Georgia,Sanford Bishop,39300,27800,41500,47700,59500,62000,"277,800",49.0,277800,GA,2,6,D,No,"136,699","92,472",0,59.6,40.4,55.0,43.3,Rural-suburban mix,D+6,44.6,50.7,2.6,0.9,0.2,1.1,17.6,22.1,35617,34.7
GA-3,Georgia,Drew Ferguson,41200,26900,38500,56300,71000,65500,"299,400",50.0,299400,GA,3,-18,R,No,"101,010","191,996",0,34.5,65.5,32.8,64.3,Rural-suburban mix,R+18,70.8,23.3,3.3,1.2,0.2,1.2,26.5,28.3,56240,50.7
GA-4,Georgia,Hank Johnson,46100,25600,48000,59500,77300,73000,"329,400",50.0,329400,GA,4,24,D,No,"227,717","61,092",0,78.8,21.2,75.3,22.2,Sparse suburban,D+24,30.9,60.7,3.8,3.2,0.1,1.3,29.8,38.1,51686,19.0
GA-5,Georgia,John Lewis,34700,34300,66300,62900,62200,54600,"315,000",50.0,315000,GA,5,34,D,No,"275,406",0,0,100.0,0.0,85.0,11.9,Dense suburban,D+34,32.8,59.2,3.3,2.9,0.3,1.5,42.0,70.5,48269,9.7
GA-6,Georgia,Lucy McBath,45500,18500,44100,65500,82800,71600,"328,000",51.0,328000,GA,6,-8,D,Yes (to Democrats),"160,139","156,875",18,50.5,49.5,46.8,48.3,Dense suburban,R+8,72.4,14.3,4.9,6.8,0.3,1.4,60.6,66.7,87139,24.0
GA-7,Georgia,Rob Woodall,54100,25700,47400,73100,87500,67300,"355,000",49.0,355000,GA,7,-9,R,No,"140,010","140,443",0,49.9,50.1,44.8,51.1,Sparse suburban,R+9,58.5,20.4,9.1,10.4,0.2,1.4,39.6,44.9,72481,32.1
GA-8,Georgia,Austin Scott,40600,27200,40900,51200,64100,60600,"284,600",49.0,284600,GA,8,-15,R,No,0,"198,152",564,0.0,99.7,34.4,63.3,Pure rural,R+15,65.0,30.0,2.9,0.9,0.2,1.0,21.8,24.8,44360,48.7
GA-9,Georgia,Doug Collins,39500,23200,36700,52100,70400,70200,"292,100",51.0,292100,GA,9,-31,R,No,"57,912","224,661",5,20.5,79.5,19.3,77.8,Pure rural,R+31,86.8,7.0,4.2,1.0,0.2,0.8,21.6,24.0,50154,65.9
GA-10,Georgia,Jody Hice,40700,34600,38900,52000,71300,65100,"302,600",50.0,302600,GA,10,-15,R,No,"112,339","190,396",0,37.1,62.9,35.8,61.3,Pure rural,R+15,69.8,24.7,2.9,1.5,0.1,1.0,26.7,30.4,51532,48.5
GA-11,Georgia,Barry Loudermilk,42700,26700,47700,62100,79900,69100,"328,200",51.0,328200,GA,11,-17,R,No,"118,653","191,887",0,38.2,61.8,35.3,60.3,Sparse suburban,R+17,75.3,16.0,5.0,2.3,0.2,1.2,41.0,44.1,69610,42.0
GA-12,Georgia,Rick Allen,41300,30200,45700,52000,62500,61700,"293,200",49.0,293200,GA,12,-9,R,No,"101,503","148,986",3,40.5,59.5,40.7,56.9,Pure rural,R+9,59.8,34.3,3.3,1.2,0.2,1.0,20.9,23.6,43933,45.7
GA-13,Georgia,David Scott,48500,25000,45500,62700,79800,65800,"327,400",50.0,327400,GA,13,20,D,No,"223,157","69,760",93,76.2,23.8,71.0,26.6,Sparse suburban,D+20,33.4,58.1,4.8,2.2,0.1,1.4,29.6,26.0,57342,24.7
GA-14,Georgia,Tom Graves,41600,24400,39700,52600,69700,57700,"285,700",50.0,285700,GA,14,-27,R,No,"53,981","175,743",0,23.5,76.5,22.1,75.0,Rural-suburban mix,R+27,85.1,8.7,4.4,0.7,0.2,0.9,18.1,18.5,48691,69.3
HI-1,Hawaii,Ed Case,33500,24100,51200,53000,66600,66700,"295,200",51.0,295200,HI,1,17,D,No,"134,650","42,498","7,063",73.1,23.1,63.1,30.5,Urban-suburban mix,D+17,19.1,2.2,7.2,56.2,0.1,15.1,36.0,48.9,78180,9.8
HI-2,Hawaii,Tulsi Gabbard,41100,25400,47100,50200,60000,74300,"298,100",50.0,298100,HI,2,19,D,No,"153,271","44,850",0,77.4,22.6,61.4,29.6,Rural-suburban mix,D+19,33.7,1.6,9.2,35.9,0.2,19.5,27.8,42.6,70867,19.3
ID-1,Idaho,Russ Fulcher,51000,27500,46400,60300,76000,83200,"344,400",50.0,344400,ID,1,-21,R,No,"96,922","197,719","20,428",30.8,62.8,25.4,63.7,Rural-suburban mix,R+21,89.6,0.3,6.5,0.9,1.2,1.5,25.4,26.8,52199,65.5
ID-2,Idaho,Mike Simpson,52300,30200,52400,56900,65600,71400,"328,800",48.0,328800,ID,2,-17,R,No,"110,381","170,274",0,39.3,60.7,29.8,54.5,Rural-suburban mix,R+17,88.1,0.6,7.6,1.1,1.1,1.4,30.1,32.5,51294,59.4
IL-1,Illinois,Bobby Rush,40300,27100,40600,48700,67600,76400,"300,700",51.0,300700,IL,1,27,D,No,"189,560","50,960","17,365",73.5,19.8,75.4,21.4,Urban-suburban mix,D+27,38.0,53.0,6.4,1.3,0.2,1.1,28.9,35.9,50523,24.3
IL-2,Illinois,Robin Kelly,40000,25100,39600,49300,70400,69600,"294,100",51.0,294100,IL,2,29,D,No,"190,684","44,567",0,81.1,18.9,78.0,19.1,Dense suburban,D+29,33.0,56.6,8.8,0.6,0.1,1.0,23.3,25.0,48417,24.7
IL-3,Illinois,Dan Lipinski,43500,24700,42600,55500,73200,72200,"311,600",50.0,311600,IL,3,6,D,No,"163,053","57,885","2,396",73.0,25.9,55.2,39.9,Urban-suburban mix,D+6,68.2,5.4,22.3,3.3,0.0,0.7,26.9,32.1,66270,46.3
IL-4,Illinois,Chuy Garcia,43900,27100,58900,61900,62600,50500,"304,900",48.0,304900,IL,4,33,D,No,"143,895","22,294",0,86.6,13.4,82.1,13.2,Pure urban,D+33,33.2,5.4,56.2,3.9,0.2,1.1,24.5,52.8,51383,15.6
IL-5,Illinois,Mike Quigley,34000,22000,74700,65300,65200,60200,"321,400",51.0,321400,IL,5,20,D,No,"213,992","65,134",5,76.7,23.3,70.5,23.9,Pure urban,D+20,74.5,2.9,15.0,6.0,0.1,1.5,54.7,60.2,80269,29.6
IL-6,Illinois,Sean Casten,41100,22400,36900,52600,81900,87400,"322,200",52.0,322200,IL,6,-2,D,Yes (to Democrats),"169,001","146,445",0,53.6,46.4,50.2,43.2,Sparse suburban,R+2,84.1,2.4,6.0,6.7,0.0,0.8,52.2,53.4,97387,39.2
IL-7,Illinois,Danny Davis,34400,30200,64400,56500,61900,60500,"307,900",50.0,307900,IL,7,38,D,No,"215,746","30,497",0,87.6,12.4,87.4,9.2,Pure urban,D+38,32.5,51.5,9.5,5.2,0.1,1.2,40.7,73.7,54147,8.5
IL-8,Illinois,Raja Krishnamoorthi,39600,22400,47100,58300,75400,69900,"312,800",51.0,312800,IL,8,8,D,No,"130,054","67,073",0,66.0,34.0,58.1,36.4,Dense suburban,D+8,67.6,4.9,15.6,10.9,0.1,1.0,32.6,34.8,67745,43.9
IL-9,Illinois,Jan Schakowsky,34800,21000,49400,55000,73000,80700,"313,800",53.0,313800,IL,9,18,D,No,"213,368","76,983",0,73.5,26.5,70.1,24.9,Urban-suburban mix,D+18,72.1,8.6,7.4,10.3,0.1,1.5,53.2,58.2,67084,30.1
IL-10,Illinois,Brad Schneider,42900,25000,38900,53900,74900,72400,"308,200",51.0,308200,IL,10,10,D,No,"156,540","82,124",0,65.6,34.4,62.0,32.6,Sparse suburban,D+10,71.2,7.2,12.2,7.8,0.2,1.4,44.1,51.2,74971,34.7
IL-11,Illinois,Bill Foster,46500,25500,44700,61800,74300,61800,"314,600",49.0,314600,IL,11,9,D,No,"145,407","82,358",0,63.8,36.2,58.9,35.4,Dense suburban,D+9,64.4,11.9,16.1,6.0,0.1,1.5,36.0,42.5,72198,37.0
IL-12,Illinois,Mike Bost,37100,23300,41900,48900,69200,70700,"291,100",51.0,291100,IL,12,-5,R,No,"118,724","134,884","7,935",45.4,51.6,40.2,55.0,Rural-suburban mix,R+5,79.8,15.8,2.2,0.8,0.2,1.1,24.0,25.0,47430,59.8
IL-13,Illinois,Rodney Davis,33800,39800,39300,48000,60000,69800,"290,800",50.0,290800,IL,13,-3,R,No,"134,458","136,516",7,49.6,50.4,44.2,49.7,Rural-suburban mix,R+3,83.9,10.1,2.4,1.9,0.2,1.5,30.2,30.1,49758,58.6
IL-14,Illinois,Lauren Underwood,44500,23400,34600,59500,86700,75000,"323,600",51.0,323600,IL,14,-5,D,Yes (to Democrats),"156,035","141,164",0,52.5,47.5,44.8,48.7,Sparse suburban,R+5,85.4,3.1,7.1,3.4,0.1,0.8,42.1,43.1,90345,48.6
IL-15,Illinois,John Shimkus,37700,23600,39100,47600,64000,72400,"284,400",51.0,284400,IL,15,-21,R,No,"74,309","181,294",5,29.1,70.9,24.5,70.7,Pure rural,R+21,92.8,4.2,1.7,0.4,0.2,0.8,20.2,20.6,49927,73.6
IL-16,Illinois,Adam Kinzinger,38100,23900,36900,47900,71200,75200,"293,300",52.0,293300,IL,16,-8,R,No,"104,569","151,254",2,40.9,59.1,38.3,55.5,Rural-suburban mix,R+8,89.1,3.5,5.2,1.0,0.1,0.9,22.2,22.5,57182,69.0
IL-17,Illinois,Cheri Bustos,36400,24100,37400,47100,62600,72200,"279,800",51.0,279800,IL,17,3,D,No,"142,659","87,090",0,62.1,37.9,46.7,47.4,Rural-suburban mix,D+3,82.6,10.1,5.2,0.8,0.2,1.1,18.7,20.5,45360,65.6
IL-18,Illinois,Darin LaHood,38700,23400,39300,49800,69600,75800,"296,600",51.0,296600,IL,18,-15,R,No,"95,486","195,927",0,32.8,67.2,33.3,60.6,Rural-suburban mix,R+15,92.2,3.6,1.8,1.2,0.1,1.0,31.7,31.0,60857,63.6
IN-1,Indiana,Peter Visclosky,40500,24300,39800,52600,68600,73800,"299,700",51.0,299700,IN,1,8,D,No,"159,611","85,594",4,65.1,34.9,54.1,41.5,Sparse suburban,D+8,68.2,18.4,11.5,0.8,0.2,0.9,22.6,25.8,56370,50.5
IN-2,Indiana,Jackie Walorski,43100,25900,40000,50700,65400,71800,"296,800",50.0,296800,IN,2,-11,R,No,"103,363","125,499",27,45.2,54.8,36.1,59.3,Rural-suburban mix,R+11,87.3,6.2,4.2,0.8,0.3,1.1,20.8,22.1,51292,67.9
IN-3,Indiana,Jim Banks,45400,25100,41100,51500,67800,71600,"302,400",50.0,302400,IN,3,-18,R,No,"86,610","158,927",0,35.3,64.7,30.1,65.1,Rural-suburban mix,R+18,88.9,5.6,3.0,1.1,0.2,1.2,22.9,23.8,51453,67.7
IN-4,Indiana,Jim Baird,41200,35300,41300,51900,68000,72900,"310,500",50.0,310500,IN,4,-17,R,No,"87,824","156,539",0,35.9,64.1,30.2,64.3,Rural-suburban mix,R+17,91.6,3.4,2.8,1.2,0.2,0.8,26.0,26.6,53996,67.1
IN-5,Indiana,Susan Brooks,44400,22100,46300,58400,77900,77700,"326,800",51.0,326800,IN,5,-9,R,No,"137,142","180,035",0,43.2,56.8,41.3,53.1,Sparse suburban,R+9,86.4,8.1,2.3,2.0,0.1,1.1,45.0,45.9,67461,46.7
IN-6,Indiana,Greg Pence,38500,27900,35800,48700,73000,73400,"297,400",51.0,297400,IN,6,-18,R,No,"79,430","154,260","8,036",32.9,63.8,27.4,67.7,Pure rural,R+18,94.6,2.3,1.4,0.5,0.2,1.1,20.7,20.2,51033,75.4
IN-7,Indiana,Andre Carson,45900,28100,54200,55900,68100,59600,"311,900",49.0,311900,IN,7,11,D,No,"141,139","76,457",233,64.8,35.1,59.0,36.2,Dense suburban,D+11,63.7,29.4,3.8,1.2,0.3,1.7,23.5,29.4,41429,44.9
IN-8,Indiana,Larry Bucshon,38500,26500,39600,49600,67500,73000,"294,700",51.0,294700,IN,8,-15,R,No,"86,895","157,396",0,35.6,64.4,30.9,64.6,Rural-suburban mix,R+15,92.9,3.9,1.3,0.6,0.2,1.0,21.3,21.5,50261,72.9
IN-9,Indiana,Trey Hollingsworth,39400,32700,42600,51800,68900,70000,"305,400",50.0,305400,IN,9,-13,R,No,"118,090","153,271",0,43.5,56.5,34.2,61.1,Rural-suburban mix,R+13,93.4,2.6,1.7,1.0,0.2,1.1,26.3,26.3,55078,68.8
IA-1,Iowa,Abby Finkenauer,42500,28900,42300,51300,72100,81100,"318,300",51.0,318300,IA,1,1,D,Yes (to Democrats),"170,342","153,442","10,459",51.0,45.9,45.2,48.7,Rural-suburban mix,D+1,93.3,2.8,1.9,0.9,0.3,0.9,27.1,27.1,57402,68.0
IA-2,Iowa,Dave Loebsack,42200,30600,44800,52700,70400,78600,"319,300",50.0,319300,IA,2,1,D,No,"171,446","133,287","8,180",54.8,42.6,45.0,49.1,Rural-suburban mix,D+1,91.2,3.1,3.3,1.1,0.2,1.1,28.5,28.7,52150,65.0
IA-3,Iowa,Cindy Axne,48400,25700,51300,61300,78300,78000,"343,000",50.0,343000,IA,3,-1,D,Yes (to Democrats),"175,642","167,933","12,666",49.3,47.1,45.0,48.5,Sparse suburban,R+1,90.5,3.3,3.3,1.7,0.2,1.0,33.1,34.5,62323,59.3
IA-4,Iowa,Steve King,40900,32800,39300,46600,66800,81500,"307,900",51.0,307900,IA,4,-11,R,No,"147,246","157,676","8,329",47.0,50.3,33.5,60.9,Pure rural,R+11,93.7,1.2,3.0,0.9,0.4,0.8,24.7,24.8,53335,70.5
KS-1,Kansas,Roger Marshall,41100,32500,43400,44700,60000,68000,"289,700",49.0,289700,KS,1,-24,R,No,"71,558","153,082",0,31.9,68.1,24.3,69.3,Pure rural,R+24,86.0,3.0,8.1,1.0,0.5,1.4,23.9,26.1,48156,63.5
KS-2,Kansas,Steve Watkins,39600,31600,39500,45800,62900,69700,"289,000",50.0,289000,KS,2,-10,R,No,"123,859","126,098","14,731",46.8,47.6,37.4,55.8,Pure rural,R+10,86.9,4.4,4.2,0.8,1.2,2.5,29.2,30.2,51778,60.6
KS-3,Kansas,Sharice Davids,46800,23100,47400,59600,73500,73200,"323,500",50.0,323500,KS,3,-4,D,Yes (to Democrats),"170,518","139,762","8,021",53.6,43.9,47.2,46.0,Dense suburban,R+4,81.4,8.5,5.5,2.6,0.3,1.6,47.4,52.3,71562,38.8
KS-4,Kansas,Ron Estes,44900,24400,44300,49200,63400,71900,"298,100",49.0,298100,KS,4,-15,R,No,"98,445","144,248",0,40.6,59.4,33.0,60.2,Sparse suburban,R+15,81.5,6.5,6.8,2.4,0.9,1.9,29.5,32.0,52054,55.4
KY-1,Kentucky,James Comer,38600,25800,37800,47000,63500,67400,"280,100",50.0,280100,KY,1,-23,R,No,"78,849","172,167",0,31.4,68.6,23.9,72.4,Pure rural,R+23,90.1,6.9,1.5,0.4,0.2,0.9,15.7,16.1,40253,75.6
KY-2,Kentucky,Brett Guthrie,41600,27600,41100,54000,71600,68700,"304,500",50.0,304500,KY,2,-19,R,No,"79,964","171,700","5,681",31.1,66.7,27.6,67.5,Pure rural,R+19,90.8,5.4,1.6,0.8,0.2,1.2,20.9,21.1,49960,71.6
KY-3,Kentucky,John Yarmuth,39500,23900,49100,53500,70400,73300,"309,700",51.0,309700,KY,3,6,D,No,"173,002","101,930","3,788",62.1,36.6,54.9,39.9,Dense suburban,D+6,74.6,20.0,2.3,1.4,0.1,1.5,30.9,34.6,51070,48.8
KY-4,Kentucky,Thomas Massie,43200,22700,42700,57500,74900,72500,"313,400",51.0,313400,KY,4,-18,R,No,"90,536","162,946","8,330",34.6,62.2,29.3,65.2,Rural-suburban mix,R+18,93.4,3.3,1.5,0.6,0.1,1.0,28.3,28.3,60912,67.0
KY-5,Kentucky,Hal Rogers,37500,22400,36900,51400,62600,61700,"272,500",50.0,272500,KY,5,-31,R,No,"45,890","172,093",34,21.0,78.9,17.5,79.6,Pure rural,R+31,96.7,1.5,0.7,0.2,0.2,0.6,12.4,12.5,30585,84.6
KY-6,Kentucky,Andy Barr,40000,33000,45600,56600,71500,68600,"315,300",50.0,315300,KY,6,-9,R,No,"144,736","154,468","3,684",47.8,51.0,39.4,54.7,Rural-suburban mix,R+9,87.6,8.5,1.6,0.9,0.2,1.3,31.7,33.1,50659,58.6
LA-1,Louisiana,Steve Scalise,44200,25900,51700,55800,77800,82300,"337,800",51.0,337800,LA,1,-24,R,No,"71,521","192,555","5,249",26.6,71.5,26.7,68.7,Rural-suburban mix,R+24,78.1,12.6,5.4,1.6,1.1,1.2,30.3,33.4,56938,51.9
LA-2,Louisiana,Cedric Richmond,43400,28900,56700,57800,70300,73900,"331,000",50.0,331000,LA,2,25,D,No,"190,182",0,"45,800",80.6,0.0,74.6,22.2,Dense suburban,D+25,31.7,61.5,3.7,2.0,0.2,1.0,23.4,36.4,36798,20.1
LA-3,Louisiana,Clay Higgins,46700,27100,51600,54300,71300,70900,"321,900",49.0,321900,LA,3,-20,R,No,"74,713","168,263","2,967",30.4,68.4,29.2,67.3,Rural-suburban mix,R+20,72.1,23.6,2.0,0.9,0.4,1.1,21.0,24.0,44668,54.7
LA-4,Louisiana,Mike Johnson,44500,27000,47000,53500,63500,68300,"303,900",49.0,303900,LA,4,-13,R,No,"72,934","139,326","4,612",33.6,64.2,36.6,60.6,Pure rural,R+13,61.9,33.1,2.4,0.8,0.8,1.0,19.9,22.9,39748,47.7
LA-5,Louisiana,Ralph Abraham,42600,26000,44700,53600,65800,65700,"298,500",50.0,298500,LA,5,-15,R,No,"67,118","149,018","7,810",30.0,66.5,34.1,63.5,Pure rural,R+15,63.1,34.0,1.3,0.4,0.4,0.7,16.8,19.7,36718,50.7
LA-6,Louisiana,Garret Graves,45100,32700,50800,56400,71000,72000,"328,100",50.0,328100,LA,6,-19,R,No,"76,716","186,553","5,256",28.6,69.5,31.0,64.8,Rural-suburban mix,R+19,72.0,22.6,2.5,1.5,0.4,1.1,27.9,30.8,59270,49.8
ME-1,Maine,Chellie Pingree,30700,21200,34700,45400,71300,78500,"281,700",54.0,281700,ME,1,8,D,No,"201,195","111,188","29,670",58.8,32.5,54.1,39.3,Rural-suburban mix,D+8,95.4,0.9,1.2,1.0,0.3,1.2,36.9,37.3,61173,59.8
ME-2,Maine,Jared Golden,30500,20000,33700,41100,66200,75100,"266,500",53.0,266500,ME,2,-2,D,Yes (to Democrats),"142,440","138,931",0,50.6,49.4,41.1,51.4,Pure rural,R+2,96.0,0.4,1.0,0.4,0.8,1.4,23.0,23.1,46638,73.8
MD-1,Maryland,Andy Harris,37300,25200,36100,47600,79400,81000,"306,500",52.0,306500,MD,1,-14,R,No,"116,631","183,662","5,893",38.1,60.0,33.4,62.0,Rural-suburban mix,R+14,84.0,11.2,1.9,1.5,0.2,1.1,30.6,32.2,69254,56.9
MD-2,Maryland,Dutch Ruppersberger,42200,26600,52300,56600,76600,73300,"327,700",51.0,327700,MD,2,11,D,No,"167,201","77,782","8,319",66.0,30.7,60.1,35.7,Dense suburban,D+11,59.1,31.9,3.3,3.7,0.3,1.7,33.4,33.4,69128,39.3
MD-3,Maryland,John Sarbanes,38700,24900,58600,59400,67100,73100,"321,900",51.0,321900,MD,3,13,D,No,"202,407","82,774","7,699",69.1,28.3,62.8,32.3,Dense suburban,D+13,67.6,20.3,4.5,5.5,0.2,1.9,47.2,51.7,83620,32.6
MD-4,Maryland,Anthony Brown,41400,23400,51600,57700,80300,71300,"325,700",51.0,325700,MD,4,28,D,No,"209,642","53,327","5,614",78.1,19.9,77.2,19.7,Dense suburban,D+28,31.7,58.1,5.6,2.7,0.2,1.7,34.0,50.2,79350,15.8
MD-5,Maryland,Steny Hoyer,40700,30600,44000,56800,86500,81500,"340,100",52.0,340100,MD,5,16,D,No,"213,796","82,361","8,052",70.3,27.1,64.1,32.1,Sparse suburban,D+16,51.6,38.5,4.1,3.2,0.3,2.3,33.7,34.5,95442,33.7
MD-6,Maryland,David Trone,43300,24800,43600,58400,83600,75800,"329,600",51.0,329600,MD,6,6,D,No,"163,346","105,209","8,529",59.0,38.0,55.3,40.2,Sparse suburban,D+6,70.1,12.4,7.0,8.7,0.2,1.8,41.5,40.8,75774,41.4
MD-7,Maryland,Elijah Cummings,36300,25600,48200,49600,71000,71300,"302,100",51.0,302100,MD,7,26,D,No,"202,345","56,266","6,099",76.4,21.3,75.8,20.2,Urban-suburban mix,D+26,36.9,54.5,2.3,4.6,0.3,1.5,37.8,58.7,61392,15.2
MD-8,Maryland,Jamie Raskin,40700,23300,44600,60200,83100,80500,"332,400",52.0,332400,MD,8,14,D,No,"217,679","96,525","5,126",68.2,30.2,65.0,30.6,Dense suburban,D+14,70.9,11.0,8.0,8.2,0.2,1.8,55.6,61.6,98991,27.2
MA-1,Massachusetts,Richard Neal,36600,29000,39900,48700,73300,78600,"306,100",52.0,306100,MA,1,12,D,No,"211,790",0,"5,110",97.6,0.0,57.2,36.5,Sparse suburban,D+12,79.0,5.0,13.5,1.3,0.1,1.0,29.7,33.4,55716,52.5
MA-2,Massachusetts,Jim McGovern,35700,34000,42300,51900,78600,77200,"319,600",52.0,319600,MA,2,9,D,No,"191,332","93,391",170,67.2,32.8,56.2,36.8,Rural-suburban mix,D+9,85.2,3.3,7.0,3.3,0.2,1.1,38.4,39.4,64868,51.5
MA-3,Massachusetts,Lori Trahan,41500,25900,42400,55700,84000,78700,"328,000",52.0,328000,MA,3,9,D,No,"173,175","93,445","12,707",62.0,33.5,58.2,35.4,Sparse suburban,D+9,77.6,2.3,13.3,5.7,0.1,1.0,37.4,41.4,77995,45.3
MA-4,Massachusetts,Joe Kennedy,41000,25500,38000,54200,83400,79700,"321,900",52.0,321900,MA,4,9,D,No,"245,289",0,"5,727",97.7,0.0,59.2,35.0,Sparse suburban,D+9,89.2,2.5,3.3,3.9,0.0,1.1,51.0,50.3,98530,44.2
MA-5,Massachusetts,Katherine Clark,36500,25400,52300,61400,80500,77300,"333,400",52.0,333400,MA,5,18,D,No,"236,243","74,856",225,75.9,24.0,69.3,25.7,Urban-suburban mix,D+18,82.0,3.7,5.8,7.0,0.1,1.4,57.4,59.6,92268,33.0
MA-6,Massachusetts,Seth Moulton,38300,25400,40300,52900,82900,85100,"324,900",53.0,324900,MA,6,6,D,No,"217,703","104,798","11,474",65.2,31.4,56.1,38.2,Sparse suburban,D+6,89.0,2.3,5.0,2.8,0.1,0.9,44.0,46.2,84913,47.8
MA-7,Massachusetts,Ayanna Pressley,31300,46100,82300,57700,60600,57100,"335,000",49.0,335000,MA,7,34,D,No,"216,559",0,"3,852",98.3,0.0,84.1,11.9,Pure urban,D+34,53.1,23.0,14.0,7.7,0.2,2.0,42.9,64.5,60873,18.7
MA-8,Massachusetts,Stephen Lynch,36900,22700,57000,55800,80400,77000,"329,800",52.0,329800,MA,8,10,D,No,"259,159",0,"4,148",98.4,0.0,60.4,34.4,Dense suburban,D+10,81.4,7.6,4.2,5.5,0.1,1.2,46.8,50.3,82333,40.2
MA-9,Massachusetts,Bill Keating,33800,23600,32900,47100,79500,87300,"304,300",54.0,304300,MA,9,4,D,No,"192,347","131,463",118,59.4,40.6,52.5,41.8,Sparse suburban,D+4,91.9,2.3,3.3,1.0,0.2,1.3,35.9,37.5,68173,56.7
MI-1,Michigan,Jack Bergman,31500,22800,32600,41500,66300,84200,"278,900",53.0,278900,MI,1,-9,R,No,"145,246","187,251",0,43.7,56.3,36.6,57.9,Pure rural,R+9,92.9,1.8,1.2,0.4,2.1,1.6,24.6,25.2,46927,69.5
MI-2,Michigan,Bill Huizenga,42400,28800,42100,47900,68200,67700,"297,200",50.0,297200,MI,2,-9,R,No,"131,254","168,970","5,239",43.0,55.3,38.2,55.8,Rural-suburban mix,R+9,85.5,5.8,5.3,1.5,0.4,1.6,23.8,25.7,52919,63.4
MI-3,Michigan,Justin Amash,42500,24800,45200,51000,68800,72200,"304,600",50.0,304600,MI,3,-6,R,No,"134,185","169,107","7,448",43.2,54.4,42.2,51.6,Rural-suburban mix,R+6,85.5,7.9,3.7,1.0,0.4,1.5,31.4,33.6,57926,56.7
MI-4,Michigan,John Moolenaar,34800,29300,35400,42500,67500,74100,"283,700",51.0,283700,MI,4,-10,R,No,"106,540","178,510",0,37.4,62.6,34.7,59.5,Pure rural,R+10,93.5,1.9,2.3,0.5,0.6,1.2,21.9,21.7,48434,73.2
MI-5,Michigan,Daniel Kildee,36500,21800,36400,46100,64500,70400,"275,700",51.0,275700,MI,5,5,D,No,"164,502","99,265","12,646",59.5,35.9,49.7,45.5,Sparse suburban,D+5,77.4,16.3,3.8,0.6,0.3,1.6,19.0,20.4,42800,61.6
MI-6,Michigan,Fred Upton,39100,29100,38900,46700,66500,72300,"292,600",50.0,292600,MI,6,-4,R,No,"134,082","147,436","11,920",45.7,50.2,42.9,51.3,Rural-suburban mix,R+4,86.0,7.5,3.4,1.0,0.3,1.8,28.0,29.2,51477,60.8
MI-7,Michigan,Tim Walberg,36500,22500,35200,47600,71800,78300,"291,900",52.0,291900,MI,7,-7,R,No,"136,330","158,730",0,46.2,53.8,38.7,55.7,Pure rural,R+7,90.7,4.1,3.1,0.6,0.4,1.1,24.6,24.8,56427,68.1
MI-8,Michigan,Elissa Slotkin,37700,34300,37800,50000,76700,77000,"313,600",51.0,313600,MI,8,-4,D,Yes (to Democrats),"172,880","159,782","8,931",50.6,46.8,43.9,50.6,Sparse suburban,R+4,87.2,5.2,3.6,2.1,0.2,1.6,40.6,40.0,66495,52.3
MI-9,Michigan,Andy Levin,34500,21300,46600,50100,74500,75900,"302,900",52.0,302900,MI,9,4,D,No,"181,734","112,123","10,706",59.7,36.8,51.5,43.7,Dense suburban,D+4,82.1,11.5,1.8,2.8,0.3,1.5,30.3,30.4,56582,57.1
MI-10,Michigan,Paul Mitchell,38800,21100,34300,50800,77100,78400,"300,500",52.0,300500,MI,10,-13,R,No,"106,061","182,808","14,195",35.0,60.3,31.6,63.8,Rural-suburban mix,R+13,92.5,2.9,2.1,1.2,0.2,1.1,23.0,22.9,60934,71.3
MI-11,Michigan,Haley Stevens,38700,20400,39900,52700,86000,81000,"318,600",53.0,318600,MI,11,-4,D,Yes (to Democrats),"181,912","158,463","10,526",51.8,45.2,45.3,49.7,Sparse suburban,R+4,85.6,5.4,2.2,5.3,0.2,1.3,46.6,44.3,79805,47.6
MI-12,Michigan,Debbie Dingell,35900,35700,44200,49400,64500,66100,"295,700",50.0,295700,MI,12,14,D,No,"200,588","85,115","8,925",68.1,28.9,60.8,34.5,Dense suburban,D+14,80.0,10.3,4.3,3.1,0.3,2.1,34.0,34.0,55506,52.7
MI-13,Michigan,Rashida Tlaib,39600,25800,41600,45100,60200,60200,"272,400",49.0,272400,MI,13,32,D,No,"165,355",0,"30,944",84.2,0.0,78.8,18.1,Dense suburban,D+32,37.3,56.6,3.5,0.7,0.4,1.4,14.7,16.9,33995,30.8
MI-14,Michigan,Brenda Lawrence,39300,24500,41300,48700,62000,66200,"281,900",50.0,281900,MI,14,30,D,No,"214,334","45,899","4,761",80.9,17.3,79.2,18.3,Dense suburban,D+30,33.5,58.8,2.9,2.6,0.3,2.0,30.8,48.5,42695,17.2
MN-1,Minnesota,Jim Hagedorn,36600,26800,36500,43800,62000,70600,"276,300",51.0,276300,MN,1,-5,R,Yes (to Republicans),"144,885","146,200",576,49.7,50.1,38.4,53.3,Rural-suburban mix,R+5,92.8,1.9,2.7,1.6,0.2,0.8,28.0,29.0,60424,65.8
MN-2,Minnesota,Angie Craig,41800,22100,39500,54000,75100,71600,"304,100",51.0,304100,MN,2,-2,D,Yes (to Democrats),"177,958","159,344",666,52.7,47.1,45.3,46.5,Sparse suburban,R+2,88.7,3.3,2.8,3.5,0.4,1.3,38.5,40.0,80128,53.2
MN-3,Minnesota,Dean Phillips,39600,18500,41600,50600,76500,83400,"310,200",52.0,310200,MN,3,1,D,Yes (to Democrats),"202,404","160,839",706,55.6,44.2,50.8,41.4,Sparse suburban,D+1,86.8,4.9,1.9,4.8,0.2,1.3,49.0,51.1,84689,42.4
MN-4,Minnesota,Betty McCollum,40300,25000,49500,48800,66100,68800,"298,500",50.0,298500,MN,4,14,D,No,"216,865","97,747","14,003",66.0,29.7,61.5,30.6,Dense suburban,D+14,78.6,7.6,3.7,7.6,0.5,2.0,42.2,47.9,66175,40.9
MN-5,Minnesota,Ilhan Omar,35900,27700,65000,56700,61200,58700,"305,100",50.0,305100,MN,5,26,D,No,"267,703","74,440","1,215",78.0,21.7,73.7,18.5,Urban-suburban mix,D+26,75.5,13.3,3.3,4.1,1.0,2.7,44.5,53.1,59115,35.4
MN-6,Minnesota,Tom Emmer,42400,23100,38900,53600,75600,66800,"300,500",50.0,300500,MN,6,-12,R,No,"122,332","192,931",463,38.7,61.1,33.2,58.9,Rural-suburban mix,R+12,93.6,1.6,1.5,1.8,0.4,1.1,29.5,29.7,77049,65.8
MN-7,Minnesota,Collin Peterson,36900,22100,33600,40800,59600,72700,"265,600",51.0,265600,MN,7,-12,D,No,"146,672","134,668",169,52.1,47.8,31.0,61.8,Pure rural,R+12,93.4,0.6,2.2,0.5,2.3,1.0,21.8,22.5,52620,72.4
MN-8,Minnesota,Pete Stauber,33600,21100,33700,41600,64600,75900,"270,600",52.0,270600,MN,8,-4,R,Yes (to Republicans),"141,950","159,364","12,897",45.2,50.7,38.6,54.2,Pure rural,R+4,94.0,0.9,1.1,0.5,2.2,1.3,23.0,23.5,53676,71.9
MS-1,Mississippi,Trent Kelly,43600,29600,39400,55500,68400,62900,"299,400",49.0,299400,MS,1,-16,R,No,"76,601","158,245","1,675",32.4,66.9,32.4,65.4,Pure rural,R+16,70.9,26.5,1.5,0.5,0.1,0.5,20.7,22.7,43194,54.8
MS-2,Mississippi,Bennie Thompson,44500,27500,42800,52800,56200,63000,"286,800",48.0,286800,MS,2,14,D,No,"158,921",0,"62,458",71.8,0.0,63.6,35.1,Pure rural,D+14,34.2,63.5,1.2,0.4,0.3,0.4,19.3,25.0,34392,25.7
MS-3,Mississippi,Michael Guest,42000,28700,42900,55800,63900,69200,"302,300",50.0,302300,MS,3,-13,R,No,"94,461","160,284","2,526",36.7,62.3,36.8,61.3,Pure rural,R+13,63.0,34.0,1.1,0.6,0.8,0.5,25.9,31.5,45115,43.1
MS-4,Mississippi,St0 Palazzo,43700,28600,43700,55100,69200,67100,"307,400",50.0,307400,MS,4,-21,R,No,"68,787","152,633","2,312",30.7,68.2,28.2,69.4,Rural-suburban mix,R+21,73.0,22.3,2.3,1.1,0.3,1.0,21.1,23.5,45192,55.8
MO-1,Missouri,Lacy Clay,38900,28600,55600,53900,62800,67100,"306,800",50.0,306800,MO,1,29,D,No,"219,781","45,867","8,727",80.1,16.7,77.0,18.8,Dense suburban,D+29,46.8,47.8,1.8,1.7,0.2,1.8,31.8,43.4,45172,26.4
MO-2,Missouri,Ann Wagner,40100,20900,41600,52300,81900,91900,"328,700",53.0,328700,MO,2,-8,R,No,"177,611","192,477","5,978",47.2,51.2,42.3,52.6,Dense suburban,R+8,91.1,3.6,1.6,2.6,0.1,0.9,49.2,49.0,79724,46.4
MO-3,Missouri,Blaine Luetkemeyer,43800,25800,42800,54200,77900,78800,"323,200",51.0,323200,MO,3,-18,R,No,"106,589","211,243","6,776",32.8,65.1,28.1,67.1,Rural-suburban mix,R+18,93.5,3.1,1.5,0.6,0.3,1.1,26.4,26.3,61929,68.9
MO-4,Missouri,Vicky Hartzler,40800,36200,44300,49600,66900,69800,"307,600",50.0,307600,MO,4,-17,R,No,"95,968","190,138","7,210",32.7,64.8,29.3,65.3,Pure rural,R+17,90.0,4.6,2.4,0.8,0.4,1.8,23.9,23.8,48065,68.5
MO-5,Missouri,Emanuel Cleaver,41200,25000,51700,53700,68200,73400,"313,200",50.0,313200,MO,5,7,D,No,"175,019","101,069","7,697",61.7,35.6,54.1,40.6,Dense suburban,D+7,70.7,21.0,4.9,1.4,0.4,1.6,28.2,32.5,48693,47.6
MO-6,Missouri,Sam Graves,43900,26700,42400,54300,75000,75100,"317,400",50.0,317400,MO,6,-16,R,No,"97,660","199,796","7,953",32.0,65.4,31.7,63.1,Rural-suburban mix,R+16,91.0,3.8,2.7,0.9,0.3,1.3,28.6,29.0,58532,64.5
MO-7,Missouri,Billy Long,42200,30800,44000,51600,66300,72000,"307,000",50.0,307000,MO,7,-23,R,No,"89,190","196,343","10,922",30.1,66.2,24.7,70.4,Rural-suburban mix,R+23,92.5,1.7,2.4,0.9,0.9,1.7,23.2,23.8,44619,70.5
MO-8,Missouri,Jason Smith,41300,24000,38400,47800,69200,71300,"291,900",50.0,291900,MO,8,-24,R,No,"66,151","194,042","4,206",25.0,73.4,21.0,75.4,Pure rural,R+24,92.6,4.3,1.2,0.2,0.5,1.2,15.0,15.3,40639,78.4
MT-AL,Montana,Greg Gianforte,54000,36700,58600,68300,92000,116400,"425,900",51.0,425900,MT,AL,-11,R,No,"233,284","256,661","14,476",46.2,50.9,35.9,56.5,Pure rural,R+11,89.5,0.4,2.6,0.6,5.4,1.7,31.0,31.9,50027,60.9
NE-1,Nebraska,Jeff Fortenberry,37100,28900,37800,42800,54800,61800,"263,200",49.0,263200,NE,1,-11,R,No,"93,069","141,712",0,39.6,60.4,36.2,57.5,Rural-suburban mix,R+11,89.7,2.5,4.2,1.5,0.9,1.2,32.5,33.9,58537,59.3
NE-2,Nebraska,Don Bacon,41200,21200,46200,52700,58300,58300,"277,900",49.0,277900,NE,2,-4,R,No,"121,770","126,715",0,49.0,51.0,46.0,48.2,Dense suburban,R+4,82.4,9.1,5.1,1.5,0.4,1.4,39.2,43.7,62621,46.4
NE-3,Nebraska,Adrian Smith,34100,21200,30500,39100,52300,65500,"242,700",51.0,242700,NE,3,-27,R,No,"49,654","163,650",0,23.3,76.7,20.0,74.9,Pure rural,R+27,91.2,0.8,6.0,0.5,0.6,0.9,22.2,23.9,50985,69.4
NV-1,Nevada,Dina Titus,38100,26300,46800,56100,71900,63300,"302,500",51.0,302500,NV,1,15,D,No,"100,707","46,978","4,516",66.2,30.9,61.6,32.6,Urban-suburban mix,D+15,48.0,12.5,27.3,9.1,0.5,2.5,15.2,19.6,38000,38.5
NV-2,Nevada,Mark Amodei,37000,22900,42100,48700,69200,74400,"294,300",52.0,294300,NV,2,-7,R,No,"120,102","167,435",0,41.8,58.2,39.7,52.0,Rural-suburban mix,R+7,77.3,1.9,13.0,3.8,2.1,1.9,25.5,28.9,58214,54.9
NV-3,Nevada,Susie Lee,39600,20700,52500,67400,73100,70200,"323,500",51.0,323500,NV,3,-2,D,No,"148,501","122,566","15,101",51.9,42.8,46.5,47.5,Urban-suburban mix,R+2,64.3,6.7,13.1,12.4,0.4,3.0,31.5,32.9,68396,43.1
NV-4,Nevada,Stu Horsford,44100,23100,46400,51800,67900,61600,"295,000",49.0,295000,NV,4,3,D,No,"121,962","102,748","10,158",51.9,43.7,49.5,44.6,Urban-suburban mix,D+3,56.9,15.3,18.1,5.9,0.9,2.9,20.4,24.6,55712,42.8
NH-1,New Hampshire,Chris Pappas,31500,25600,35200,44900,75500,76300,"288,900",53.0,288900,NH,1,-2,D,No,"155,891","131,015","4,160",53.6,45.0,46.6,48.2,Rural-suburban mix,R+2,94.4,0.9,2.2,1.3,0.1,1.1,37.2,37.4,71277,59.0
NH-2,New Hampshire,Annie Kuster,31100,22100,34800,44600,71500,79200,"283,300",53.0,283300,NH,2,2,D,No,"154,378","118,670","6,357",55.3,42.5,48.6,46.2,Pure rural,D+2,94.4,0.9,2.2,1.3,0.2,1.1,35.9,35.6,70524,60.7
NJ-1,New Jersey,Donald Norcross,40200,24200,45000,54400,75800,73200,"312,900",51.0,312900,NJ,1,13,D,No,"169,628","87,617","6,173",64.4,33.3,60.6,36.1,Dense suburban,D+13,69.6,16.3,9.1,3.8,0.1,1.2,30.4,33.4,68208,46.3
NJ-2,New Jersey,Jeff Van Drew,36500,22100,38900,49700,73300,78700,"299,200",52.0,299200,NJ,2,-1,D,Yes (to Democrats),"136,685","116,866","4,812",52.9,45.2,46.0,50.6,Rural-suburban mix,R+1,73.4,12.1,9.9,3.0,0.2,1.3,25.8,30.3,60756,51.1
NJ-3,New Jersey,Andy Kim,36000,22400,38200,49000,80400,81100,"307,100",53.0,307100,NJ,3,-2,D,Yes (to Democrats),"153,473","149,500","3,902",50.0,48.7,45.2,51.4,Sparse suburban,R+2,80.2,9.9,5.4,2.8,0.1,1.6,33.9,34.2,74537,52.7
NJ-4,New Jersey,Chris Smith,43100,21900,36000,48300,75200,79300,"303,900",51.0,303900,NJ,4,-8,R,No,"126,766","163,065","4,517",43.1,55.4,41.0,55.8,Sparse suburban,R+8,83.6,6.2,5.9,3.4,0.0,0.9,39.6,42.1,78511,48.4
NJ-5,New Jersey,Josh Gottheimer,39700,22800,34800,54600,87800,83500,"323,200",53.0,323200,NJ,5,-3,D,No,"169,546","128,255","4,022",56.2,42.5,47.7,48.8,Dense suburban,R+3,76.7,4.7,10.2,7.5,0.1,0.7,47.7,48.1,100219,39.7
NJ-6,New Jersey,Frank Pallone,39500,29900,49500,58000,81000,70100,"328,100",51.0,328100,NJ,6,9,D,No,"140,752","80,443",0,63.6,36.4,56.2,40.6,Dense suburban,D+9,60.1,10.4,14.4,14.0,0.1,0.9,38.9,37.3,79229,37.6
NJ-7,New Jersey,Tom Malinowski,40900,21400,33300,54100,95600,86500,"331,800",53.0,331800,NJ,7,-3,D,Yes (to Democrats),"166,985","150,785","4,972",51.7,46.7,48.6,47.5,Sparse suburban,R+3,79.2,4.7,8.1,7.2,0.0,0.8,51.3,53.1,106896,37.1
NJ-8,New Jersey,Albio Sires,40100,24600,70000,69900,74400,60600,"339,700",50.0,339700,NJ,8,27,D,No,"119,881","28,725","4,849",78.1,18.7,75.7,21.5,Pure urban,D+27,35.0,10.6,46.5,6.5,0.2,1.1,33.1,50.9,57391,16.9
NJ-9,New Jersey,Bill Pascrell,40400,26300,46900,61500,76500,75300,"327,000",51.0,327000,NJ,9,16,D,No,"140,832","57,854","1,730",70.3,28.9,64.3,33.1,Pure urban,D+16,48.2,11.0,29.3,10.4,0.2,1.0,33.6,41.0,64964,28.3
NJ-10,New Jersey,Donald Payne Jr.,41600,28800,53200,63200,75500,67100,"329,400",50.0,329400,NJ,10,36,D,No,"175,253","20,191","4,715",87.6,10.1,85.2,12.8,Pure urban,D+36,23.8,54.3,15.0,5.5,0.1,1.2,28.3,48.5,50100,12.1
NJ-11,New Jersey,Mikie Sherrill,38600,22000,35600,52900,87900,82600,"319,600",53.0,319600,NJ,11,-3,D,Yes (to Democrats),"183,684","136,322","3,568",56.8,42.1,47.9,48.8,Sparse suburban,R+3,80.1,3.6,7.8,7.5,0.1,0.9,54.4,55.0,108260,36.0
NJ-12,New Jersey,Bonnie Watson Coleman,40200,24700,41100,61600,80100,76400,"324,100",52.0,324100,NJ,12,16,D,No,"173,334","79,041",0,68.7,31.3,65.0,31.8,Dense suburban,D+16,58.3,18.4,10.3,11.9,0.1,1.0,45.5,49.1,85744,29.6
NM-1,New Mexico,Deb Haaland,35400,24800,45200,48600,63500,70500,"288,100",51.0,288100,NM,1,7,D,No,"147,336","90,507","11,319",59.1,36.3,51.6,35.1,Dense suburban,D+7,48.3,2.5,41.9,1.9,3.9,1.5,32.9,46.6,49570,25.6
NM-2,New Mexico,Xochitl Torres Small,43100,28500,38800,46500,55400,63000,"275,300",48.0,275300,NM,2,-6,D,Yes (to Democrats),"101,489","97,767",0,50.9,49.1,39.9,50.1,Rural-suburban mix,R+6,46.1,1.8,45.2,0.6,5.3,1.0,21.0,30.5,41797,31.9
NM-3,New Mexico,Ben R. Lujan,40400,23200,38800,46100,62200,69500,"280,100",50.0,280100,NM,3,8,D,No,"155,201","76,427","13,265",63.4,31.2,51.8,36.7,Pure rural,D+8,43.7,1.4,35.9,0.9,16.9,1.2,27.2,42.7,49210,24.9
NY-1,New York,Lee Zeldin,36700,25900,34200,52600,83600,77100,"310,000",53.0,310000,NY,1,-5,R,No,"127,991","139,027","2,988",47.4,51.5,42.2,54.5,Sparse suburban,R+5,82.9,4.5,8.8,2.8,0.2,0.8,34.1,36.2,90435,52.8
NY-2,New York,Peter King,36700,26300,43000,50100,84500,74100,"314,600",52.0,314600,NY,2,-3,R,No,"113,074","128,058",0,46.9,53.1,43.9,53.0,Dense suburban,R+3,72.5,9.2,14.6,2.6,0.1,1.0,31.2,35.4,93362,46.7
NY-3,New York,Tom Suozzi,37200,20200,32400,48600,83200,85500,"307,100",53.0,307100,NY,3,1,D,No,"157,456","109,514",0,59.0,41.0,51.6,45.5,Dense suburban,D+1,76.8,2.9,7.3,12.1,0.1,0.8,51.6,53.3,111504,35.8
NY-4,New York,Kathleen Rice,39100,24100,40300,53500,74300,77000,"308,200",52.0,308200,NY,4,4,D,No,"159,535","100,571",0,61.3,38.7,53.4,43.8,Urban-suburban mix,D+4,66.6,14.4,12.4,5.6,0.1,0.9,42.5,48.9,100178,33.9
NY-5,New York,Gregory Meeks,41700,28900,54100,56100,81200,80100,"342,100",51.0,342100,NY,5,37,D,No,"160,500",0,0,100.0,0.0,85.7,12.7,Pure urban,D+37,14.3,53.2,16.3,13.9,0.4,1.8,25.5,36.9,66529,8.4
NY-6,New York,Grace Meng,34800,20000,51300,62800,78600,77200,"324,700",53.0,324700,NY,6,16,D,No,"111,646",0,"11,209",90.9,0.0,65.1,32.1,Pure urban,D+16,44.5,4.4,17.9,31.7,0.2,1.4,35.9,43.1,61956,25.2
NY-7,New York,Nydia Velazquez,43300,27000,66300,66800,62800,53300,"319,500",49.0,319500,NY,7,38,D,No,"146,687",0,"10,410",93.4,0.0,86.9,10.4,Pure urban,D+38,35.4,9.9,37.2,16.1,0.2,1.3,33.7,62.4,55207,13.2
NY-8,New York,Hakeem Jeffries,40500,27700,59900,56500,72700,72000,"329,300",50.0,329300,NY,8,36,D,No,"180,376",0,"11,028",94.2,0.0,84.6,13.5,Pure urban,D+36,26.9,52.5,15.0,4.3,0.2,1.2,33.7,54.9,51634,12.1
NY-9,New York,Yvette Clarke,40600,24600,58700,61400,72800,68400,"326,500",51.0,326500,NY,9,34,D,No,"181,455","20,901",779,89.3,10.3,83.5,14.4,Pure urban,D+34,35.2,47.7,9.8,5.8,0.2,1.2,37.5,62.0,54895,13.3
NY-10,New York,Jerrold Nadler,33000,23600,67400,61900,62800,64200,"312,800",51.0,312800,NY,10,26,D,No,"173,095","37,619",0,82.1,17.9,78.3,18.8,Pure urban,D+26,69.0,4.2,10.7,14.7,0.2,1.3,60.3,71.1,85756,19.8
NY-11,New York,Max Rose,37100,21500,49100,54400,72000,73800,"308,000",52.0,308000,NY,11,-3,D,Yes (to Democrats),"101,823","89,441",774,53.0,46.6,43.8,53.6,Pure urban,R+3,68.1,6.7,12.9,11.2,0.1,1.0,34.4,37.8,71072,42.3
NY-12,New York,Carolyn Maloney,20900,23600,87000,69800,66200,59800,"327,300",53.0,327300,NY,12,31,D,No,"217,430","30,446","3,726",86.4,12.1,83.3,13.5,Pure urban,D+31,71.1,4.6,11.9,10.5,0.1,1.7,72.2,80.3,100281,14.0
NY-13,New York,Adriano Espaillat,39500,28700,75200,59600,73300,66300,"342,600",50.0,342600,NY,13,43,D,No,"180,035","10,268",0,94.6,5.4,92.3,5.4,Pure urban,D+43,17.4,29.4,47.5,4.0,0.2,1.6,31.0,71.7,41103,4.9
NY-14,New York,Alexandria Ocasio-Cortez,35400,24400,56200,65900,70800,62400,"315,100",51.0,315100,NY,14,29,D,No,"110,318","19,202","11,604",78.2,13.6,77.7,19.8,Pure urban,D+29,31.8,12.4,39.9,14.6,0.2,1.1,25.6,39.5,53512,19.1
NY-15,New York,Jose E. Serrano,50900,33600,56800,52900,69500,51500,"315,200",47.0,315200,NY,15,44,D,No,"124,469","5,205",0,96.0,4.0,93.8,4.9,Pure urban,D+44,3.5,31.7,61.9,1.8,0.3,0.7,12.4,27.7,29234,2.5
NY-16,New York,Eliot Engel,40800,25600,39600,58600,77700,70200,"312,500",51.0,312500,NY,16,24,D,No,"182,044",0,0,100.0,0.0,75.1,22.5,Pure urban,D+24,43.1,31.2,20.0,4.4,0.2,1.0,40.6,57.5,69086,18.2
NY-17,New York,Nita Lowey,43100,24800,39700,51400,77500,78200,"314,800",51.0,314800,NY,17,7,D,No,"170,168",0,"23,150",88.0,0.0,58.6,38.4,Sparse suburban,D+7,69.8,10.3,13.4,5.2,0.1,1.1,44.5,52.2,94451,33.3
NY-18,New York,Sean Patrick Maloney,40400,27600,35200,49600,80300,72500,"305,600",51.0,305600,NY,18,-1,D,No,"139,564","112,035",0,55.5,44.5,47.1,49.0,Rural-suburban mix,R+1,75.5,8.7,11.9,2.4,0.2,1.3,35.7,39.1,80493,45.8
NY-19,New York,Antonio Delgado,32400,26100,33800,44600,75300,81700,"294,000",53.0,294000,NY,19,-2,D,Yes (to Democrats),"147,873","132,873","7,148",51.4,46.2,44.0,50.8,Pure rural,R+2,88.8,3.8,5.0,1.1,0.1,1.2,29.2,30.1,59619,62.0
NY-20,New York,Paul Tonko,34500,32100,43800,49800,69800,74800,"304,700",51.0,304700,NY,20,7,D,No,"176,811","89,058",0,66.5,33.5,54.0,40.5,Sparse suburban,D+7,82.9,8.2,4.6,2.7,0.1,1.4,38.7,41.1,64226,48.7
NY-21,New York,Elise Stefanik,35400,27200,39200,47400,72600,73500,"295,300",52.0,295300,NY,21,-4,R,No,"99,791","131,981","3,437",42.4,56.1,40.0,53.9,Pure rural,R+4,91.9,3.1,2.7,0.6,0.8,1.0,23.2,23.6,52350,70.1
NY-22,New York,Anthony Brindisi,35000,30200,36800,42900,70100,74100,"289,000",51.0,289000,NY,22,-6,D,Yes (to Democrats),"127,715","123,242",0,50.9,49.1,39.3,54.8,Rural-suburban mix,R+6,91.3,3.3,2.7,1.4,0.2,1.0,26.0,26.5,52967,67.0
NY-23,New York,Tom Reed,34200,33200,37200,42400,66900,75700,"289,400",51.0,289400,NY,23,-6,R,No,"109,932","130,323",0,45.8,54.2,39.7,54.5,Pure rural,R+6,91.6,2.8,2.9,1.2,0.5,1.1,26.1,25.7,48730,68.0
NY-24,New York,John Katko,36200,27200,41000,45200,71200,75800,"296,600",52.0,296600,NY,24,3,R,No,"123,226","136,920",0,47.4,52.6,48.9,45.3,Rural-suburban mix,D+3,86.8,7.0,3.1,1.3,0.5,1.3,30.3,31.4,56388,59.5
NY-25,New York,Joe Morelle,36400,27900,45700,47000,69300,73300,"299,500",51.0,299500,NY,25,8,D,No,"159,244","110,736",0,59.0,41.0,55.5,39.1,Sparse suburban,D+8,76.4,13.5,6.5,2.1,0.2,1.3,37.3,42.9,53723,43.5
NY-26,New York,Brian Higgins,36300,28200,48800,42500,61800,71200,"288,700",50.0,288700,NY,26,11,D,No,"169,166","61,488",5,73.3,26.7,57.6,38.0,Urban-suburban mix,D+11,75.5,16.5,4.7,1.7,0.3,1.2,30.8,34.1,47358,49.7
NY-27,New York,Chris Collins,33800,22700,35100,47700,81600,84800,"305,600",54.0,305600,NY,27,-11,R,No,"139,059","140,146","5,973",48.8,49.1,35.2,59.7,Pure rural,R+11,93.6,2.5,1.9,0.8,0.6,0.7,30.7,31.0,62698,64.5
NC-1,North Carolina,G.K. Butterfield,39200,28900,46400,52800,66400,63700,"297,500",50.0,297500,NC,1,17,D,No,"190,457","82,218",0,69.8,30.2,67.5,30.5,Rural-suburban mix,D+17,47.8,46.1,2.6,1.3,0.7,1.4,27.7,37.7,40895,29.7
NC-2,North Carolina,George Holding,47000,24400,47800,64100,73300,58500,"315,100",49.0,315100,NC,2,-7,R,No,"151,977","170,072","9,655",45.8,51.3,43.6,53.2,Rural-suburban mix,R+7,72.2,20.5,4.1,1.4,0.5,1.3,36.2,40.5,65792,42.9
NC-3,North Carolina,Walter Jones,39800,45300,45900,47300,60900,59900,"299,000",48.0,299000,NC,3,-12,R,No,0,"187,901",0,0.0,100.0,36.9,60.5,Pure rural,R+12,72.2,20.6,4.3,1.0,0.4,1.6,22.8,25.9,47565,53.4
NC-4,North Carolina,David Price,45700,27600,51900,66400,74300,56300,"322,100",49.0,322100,NC,4,17,D,No,"247,067","82,052","12,284",72.4,24.0,68.2,28.2,Sparse suburban,D+17,66.0,23.3,3.9,4.9,0.4,1.6,54.5,63.9,70587,23.8
NC-5,North Carolina,Virginia Foxx,38800,27800,38800,52300,69500,64200,"291,300",50.0,291300,NC,5,-10,R,No,"120,468","159,917",0,43.0,57.0,39.8,57.4,Rural-suburban mix,R+10,80.3,14.4,3.1,0.9,0.3,0.9,26.3,27.7,45001,58.0
NC-6,North Carolina,Mark Walker,40400,24000,39200,54300,71200,64900,"293,900",50.0,293900,NC,6,-9,R,No,"123,651","160,709",0,43.5,56.5,41.4,56.1,Rural-suburban mix,R+9,73.8,20.6,3.1,1.0,0.4,1.1,24.6,28.3,47335,52.8
NC-7,North Carolina,David Rouzer,39700,28900,41900,53900,67500,67900,"299,700",50.0,299700,NC,7,-9,R,No,"120,838","156,809","4,665",42.8,55.5,39.9,57.6,Pure rural,R+9,74.7,20.0,2.8,0.6,0.7,1.2,24.9,29.7,45002,52.4
NC-8,North Carolina,Richard Hudson,45000,29300,46700,55300,66800,57400,"300,500",49.0,300500,NC,8,-8,R,No,"114,119","141,402",0,44.7,55.3,41.1,56.1,Pure rural,R+8,67.6,22.6,5.4,1.5,1.0,1.8,26.5,29.5,50570,47.6
NC-9,North Carolina,Undecided,47000,26900,45100,60100,70600,56800,"306,400",49.0,306400,NC,9,-8,R,No,"138,341","139,246","5,130",48.9,49.3,42.8,54.4,Sparse suburban,R+8,65.7,20.0,3.1,1.7,8.3,1.3,33.8,41.5,55913,38.4
NC-10,North Carolina,Patrick McHenry,39200,23900,38500,54800,71900,66500,"294,800",51.0,294800,NC,10,-12,R,No,"113,259","164,969",0,40.7,59.3,36.4,61.0,Rural-suburban mix,R+12,83.5,11.7,2.4,1.1,0.3,0.9,24.6,26.5,46508,61.3
NC-11,North Carolina,Mark Meadows,34600,21300,36200,50100,67700,70600,"280,500",52.0,280500,NC,11,-14,R,No,"116,508","178,012","6,146",38.7,59.2,34.0,63.2,Pure rural,R+14,91.6,3.1,2.0,0.9,1.3,1.0,24.0,25.2,43855,68.5
NC-12,North Carolina,Alma Adams,46500,28700,59500,68200,71600,54400,"328,900",49.0,328900,NC,12,18,D,No,"203,974","75,164",0,73.1,26.9,68.4,28.4,Sparse suburban,D+18,49.7,39.4,5.6,3.1,0.3,2.0,39.8,52.3,59268,23.7
NC-13,North Carolina,Ted Budd,41500,25300,41400,56000,73200,62200,"299,700",50.0,299700,NC,13,-6,R,No,"130,402","147,570","8,344",45.5,51.5,44.0,53.4,Rural-suburban mix,R+6,72.1,21.9,2.7,1.9,0.4,1.1,27.0,29.6,47440,50.7
ND-AL,North Dakota,Kelly Armstrong,40800,34500,52000,50500,64400,73700,"316,000",50.0,316000,ND,AL,-16,R,No,"114,377","193,568","13,587",35.6,60.2,27.7,64.1,Rural-suburban mix,R+16,90.1,1.4,2.2,0.6,4.3,1.4,29.6,31.0,60656,62.1
OH-1,Ohio,Steve Chabot,41400,25500,42400,51600,74100,71400,"306,400",51.0,306400,OH,1,-5,R,No,"141,118","154,409","5,344",46.9,51.3,44.6,51.2,Sparse suburban,R+5,74.5,20.7,1.4,1.8,0.1,1.3,33.8,37.8,55712,46.3
OH-2,Ohio,Brad Wenstrup,39700,21000,45300,51300,68500,75100,"300,800",51.0,300800,OH,2,-9,R,No,"119,333","166,714","3,614",41.2,57.6,39.7,55.8,Rural-suburban mix,R+9,88.2,8.2,1.2,0.8,0.2,1.4,32.3,33.1,55472,59.0
OH-3,Ohio,Joyce Beatty,44700,32600,63300,56700,64600,62400,"324,400",49.0,324400,OH,3,19,D,No,"181,575","65,040",62,73.6,26.4,67.0,28.6,Dense suburban,D+19,62.0,30.3,2.7,2.0,0.2,2.8,27.8,33.1,45860,41.4
OH-4,Ohio,Jim Jordan,38800,23500,38100,48400,68600,80300,"297,600",52.0,297600,OH,4,-14,R,No,"89,412","167,993",0,34.7,65.3,30.7,64.3,Rural-suburban mix,R+14,90.4,5.1,2.5,0.5,0.2,1.2,17.9,18.1,52632,74.0
OH-5,Ohio,Bob Latta,39800,26800,39300,49100,66700,76000,"297,800",51.0,297800,OH,5,-11,R,No,"99,655","176,569","7,393",35.1,62.3,34.6,59.7,Rural-suburban mix,R+11,91.7,2.8,3.7,0.9,0.1,0.8,26.2,26.1,57171,67.8
OH-6,Ohio,Bill Johnson,34500,21000,34600,48000,67700,79200,"284,900",53.0,284900,OH,6,-16,R,No,"76,716","172,774",0,30.7,69.3,26.7,69.3,Pure rural,R+16,95.5,2.3,0.7,0.3,0.2,1.0,15.9,16.1,46839,80.1
OH-7,Ohio,Bob Gibbs,42400,23200,38000,51200,69600,80200,"304,700",51.0,304700,OH,7,-12,R,No,"107,536","153,117",0,41.3,58.7,32.8,62.5,Rural-suburban mix,R+12,93.2,3.7,1.3,0.4,0.1,1.2,20.9,21.1,53374,73.5
OH-8,Ohio,Warren Davidson,41300,27100,37700,50200,71800,74400,"302,700",51.0,302700,OH,8,-17,R,No,"87,281","173,852",0,33.4,66.6,30.6,65.1,Rural-suburban mix,R+17,90.3,5.5,1.6,1.1,0.1,1.4,23.8,24.1,58213,68.5
OH-9,Ohio,Marcy Kaptur,37500,26400,44000,49200,68600,73800,"299,500",51.0,299500,OH,9,14,D,No,"157,219","74,670",48,67.8,32.2,58.7,36.5,Dense suburban,D+14,74.3,14.7,8.3,0.9,0.2,1.6,21.6,24.6,41417,56.0
OH-10,Ohio,Mike Turner,38000,26700,42800,46300,67400,72600,"293,600",51.0,293600,OH,10,-4,R,No,"118,785","157,554","5,387",42.2,55.9,44.0,51.3,Sparse suburban,R+4,78.8,16.4,1.7,1.4,0.1,1.5,27.9,29.3,49988,55.6
OH-11,Ohio,Marcia Fudge,37700,26600,43200,46900,61900,73500,"289,700",51.0,289700,OH,11,32,D,No,"206,138","44,486",36,82.2,17.7,80.5,17.0,Urban-suburban mix,D+32,41.6,52.0,3.2,1.5,0.2,1.5,26.8,41.1,35735,24.4
OH-12,Ohio,Troy Balderson,43200,25300,45700,62700,77500,73900,"328,300",51.0,328300,OH,12,-7,R,No,"161,251","175,677","4,719",47.2,51.4,41.9,53.2,Sparse suburban,R+7,90.1,4.4,1.7,2.0,0.1,1.7,41.0,39.9,67415,54.1
OH-13,Ohio,Tim Ryan,34200,26700,43200,45400,63300,74700,"287,500",51.0,287500,OH,13,7,D,No,"153,323","98,047",0,61.0,39.0,51.1,44.6,Sparse suburban,D+7,85.0,10.7,2.2,0.6,0.2,1.3,23.7,24.8,42430,63.9
OH-14,Ohio,David Joyce,37300,20500,33800,44400,81400,86300,"303,700",53.0,303700,OH,14,-5,R,No,"137,549","169,809",0,44.8,55.2,42.1,53.6,Sparse suburban,R+5,92.0,4.2,1.6,1.3,0.1,0.9,34.1,33.9,63362,60.8
OH-15,Ohio,Steve Stivers,39800,25200,47900,54300,75600,74800,"317,500",51.0,317500,OH,15,-7,R,No,"116,112","170,593","5,738",39.7,58.3,39.9,55.3,Rural-suburban mix,R+7,92.0,3.8,1.3,1.4,0.1,1.4,31.4,30.8,61514,63.6
OH-16,Ohio,Anthony Gonzalez,36000,20500,35000,47300,74500,78300,"291,600",53.0,291600,OH,16,-8,R,No,"129,681","170,029",0,43.3,56.7,39.5,56.2,Sparse suburban,R+8,94.0,2.0,1.6,1.4,0.1,0.8,33.3,33.0,64197,62.9
OK-1,Oklahoma,Kevin Hern,46200,26100,50600,57900,71900,75900,"328,600",50.0,328600,OK,1,-17,R,No,"103,042","150,129",0,40.7,59.3,32.7,61.4,Sparse suburban,R+17,74.0,8.4,4.5,1.6,5.2,6.2,30.2,34.0,52319,48.8
OK-2,Oklahoma,Markwayne Mullin,42700,25100,39600,49500,65600,68700,"291,200",50.0,291200,OK,2,-24,R,No,"65,021","140,451","10,530",30.1,65.0,22.8,72.9,Pure rural,R+24,70.2,3.5,2.6,0.5,14.9,8.2,17.0,17.8,40770,57.7
OK-3,Oklahoma,Frank Lucas,45400,31300,46100,52200,66900,72700,"314,600",49.0,314600,OK,3,-27,R,No,"61,152","172,913",0,26.1,73.9,20.9,73.6,Pure rural,R+27,80.6,3.8,5.3,1.0,5.3,4.0,22.9,24.5,47724,60.8
OK-4,Oklahoma,Tom Cole,42100,33500,49400,56500,67000,68900,"317,400",50.0,317400,OK,4,-20,R,No,"78,088","149,227","9,323",33.0,63.1,28.3,65.7,Rural-suburban mix,R+20,76.5,6.5,5.6,1.7,4.5,5.1,25.5,26.7,55183,56.0
OK-5,Oklahoma,Kendra Horn,49400,28000,56900,59000,67600,71500,"332,300",49.0,332300,OK,5,-10,D,Yes (to Democrats),"121,149","117,811",0,50.7,49.3,39.8,53.2,Dense suburban,R+10,68.8,13.9,6.5,2.2,4.3,4.3,30.1,35.0,49616,44.7
OR-1,Oregon,Suzanne Bonamici,45000,24700,56100,67700,80000,79900,"353,300",51.0,353300,OR,1,9,D,No,"231,198","116,446","15,605",63.6,32.1,57.3,34.5,Dense suburban,D+9,82.5,1.6,7.1,5.6,0.5,2.8,41.1,43.3,72097,46.7
OR-2,Oregon,Greg Walden,41900,23800,42500,53100,71800,87800,"321,000",52.0,321000,OR,2,-11,R,No,"145,298","207,597","15,814",39.4,56.3,36.4,56.5,Rural-suburban mix,R+11,87.7,0.6,7.0,0.9,1.6,2.3,23.8,25.8,49837,65.0
OR-3,Oregon,Earl Blumenauer,38800,24900,64300,75000,77800,76700,"357,500",52.0,357500,OR,3,24,D,No,"279,019","76,187","29,120",72.6,19.8,70.7,22.5,Urban-suburban mix,D+24,80.3,4.6,5.7,5.8,0.6,3.1,41.2,45.4,63231,43.7
OR-4,Oregon,Peter DeFazio,35600,32900,42600,50800,64700,85400,"312,000",52.0,312000,OR,4,0,D,No,"208,710","152,414","11,769",56.0,40.9,46.1,46.0,Rural-suburban mix,EVEN,89.5,0.7,4.3,1.6,1.1,2.8,26.7,26.9,46749,65.3
OR-5,Oregon,Kurt Schrader,45300,27300,46000,57700,76200,84800,"337,300",51.0,337300,OR,5,0,D,No,"197,187","149,887","11,395",55.0,41.8,48.3,44.1,Dense suburban,EVEN,85.3,0.9,8.0,2.5,0.8,2.5,30.0,32.4,60395,57.6
PA-1,Pennsylvania,Brian Fitzpatrick,40700,25000,61100,56000,62900,60700,"306,300",49.0,306300,PA,1,-1,R,No,"160,745","169,053",0,48.7,51.3,49.1,47.1,Sparse suburban,R+1,47.3,33.2,13.0,5.1,0.2,1.2,27.4,39.1,45025,28.7
PA-2,Pennsylvania,Brendan Boyle,33900,35200,59500,44400,58700,64700,"296,400",50.0,296400,PA,2,25,D,No,"159,600","42,382",0,79.0,21.0,72.9,24.9,Pure urban,D+25,32.8,56.9,4.8,3.5,0.2,1.8,36.7,68.8,41320,10.2
PA-3,Pennsylvania,Dwight Evans,35100,23600,35800,45600,70900,76300,"287,400",52.0,287400,PA,3,41,D,No,"287,610","20,387",0,93.4,6.6,90.9,7.0,Pure urban,D+41,93.1,4.0,1.5,0.5,0.1,0.9,26.5,27.0,51289,67.9
PA-4,Pennsylvania,Madeleine Dean,38000,24100,40100,49900,77100,76300,"305,500",52.0,305500,PA,4,7,D,No,"211,524","121,467",0,63.5,36.5,57.8,38.5,Sparse suburban,D+7,86.4,6.6,4.3,1.4,0.1,1.1,26.7,27.3,61333,62.8
PA-5,Pennsylvania,Mary Gay Scanlon,30500,34400,38200,43600,64700,75100,"286,500",52.0,286500,PA,5,13,D,Yes (to Democrats),"198,639","106,075",0,65.2,34.8,62.6,34.4,Urban-suburban mix,D+13,94.1,2.5,1.6,0.8,0.2,0.7,25.1,24.8,48410,70.7
PA-6,Pennsylvania,Chrissy Houlahan,37800,23000,37600,51900,81500,78600,"310,400",52.0,310400,PA,6,2,D,Yes (to Democrats),"177,704","124,124",0,58.9,41.1,52.6,43.3,Sparse suburban,D+2,88.5,3.9,4.0,2.6,0.1,0.9,43.2,43.2,82139,50.2
PA-7,Pennsylvania,Susan Wild,36600,22600,35900,47500,75800,82200,"300,600",53.0,300600,PA,7,1,D,No,"140,813","114,437","8,011",53.5,43.5,48.7,47.6,Sparse suburban,D+1,88.3,5.3,2.2,3.4,0.0,0.9,43.4,42.9,85881,50.4
PA-8,Pennsylvania,Matt Cartwright,36200,20900,34400,49100,81500,84400,"306,500",53.0,306500,PA,8,-1,D,No,"135,603","112,563",0,54.6,45.4,43.7,53.3,Rural-suburban mix,R+1,89.2,3.3,3.2,3.3,0.1,0.8,39.7,39.9,80199,53.6
PA-9,Pennsylvania,Dan Meuser,33600,24000,35300,45100,67300,75400,"280,700",52.0,280700,PA,9,-14,R,No,"100,204","148,723",0,40.3,59.7,31.0,65.0,Pure rural,R+14,94.7,2.7,1.2,0.5,0.1,0.8,18.6,18.5,47697,77.1
PA-10,Pennsylvania,Scott Perry,34400,23700,36200,44100,73700,79900,"292,000",53.0,292000,PA,10,-6,R,No,"141,668","149,365",0,48.7,51.3,43.4,52.3,Sparse suburban,R+6,92.3,3.1,3.1,0.6,0.2,0.8,22.5,22.4,52199,71.6
PA-11,Pennsylvania,Lloyd Smucker,33900,24400,37500,49200,70500,76600,"292,100",52.0,292100,PA,11,-14,R,No,"113,876","163,708",0,41.0,59.0,34.7,60.5,Sparse suburban,R+14,90.1,4.6,3.4,1.0,0.1,0.8,25.1,25.4,53833,67.2
PA-12,Pennsylvania,Tom Marino,33600,18100,36300,45700,72900,86100,"292,700",54.0,292700,PA,12,-17,R,No,"82,825","161,047",0,34.0,66.0,29.7,66.1,Pure rural,R+17,94.3,2.9,1.0,0.9,0.1,0.7,33.7,33.2,60387,63.0
PA-13,Pennsylvania,John Joyce,40900,22800,49400,52600,66400,71700,"303,800",50.0,303800,PA,13,-22,R,No,"74,733","178,533",0,29.5,70.5,25.5,71.2,Pure rural,R+22,66.6,17.3,8.2,6.5,0.1,1.4,35.4,40.3,60105,39.7
PA-14,Pennsylvania,Guy Reschenthaler,28300,29600,54800,42400,56800,75400,"287,400",52.0,287400,PA,14,-14,R,Yes (to Republicans),"110,051","151,386",0,42.1,57.9,33.9,62.9,Rural-suburban mix,R+14,75.8,19.2,1.7,1.5,0.1,1.8,35.4,37.9,44939,47.0
PA-15,Pennsylvania,Glenn Thompson,38800,26000,40200,49600,73400,75100,"303,300",51.0,303300,PA,15,-20,R,No,"78,327","165,245",0,32.2,67.8,26.5,69.8,Pure rural,R+20,82.0,3.7,11.5,1.8,0.1,0.9,29.2,31.2,62755,56.3
PA-16,Pennsylvania,Mike Kelly,43500,26500,42800,49900,68500,67300,"298,500",50.0,298500,PA,16,-8,R,No,"124,109","135,348","2,939",47.3,51.6,37.9,57.9,Rural-suburban mix,R+8,80.2,5.6,11.9,1.3,0.1,1.0,25.1,28.4,57144,57.4
PA-17,Pennsylvania,Conor Lamb,32700,23000,36800,46400,70100,71700,"280,700",52.0,280700,PA,17,-3,D,Yes (to Democrats),"183,162","142,417",0,56.3,43.7,46.8,49.4,Sparse suburban,R+3,87.2,4.9,5.6,1.2,0.1,0.9,22.7,23.3,51635,66.8
PA-18,Pennsylvania,Mike Doyle,34300,19300,36800,50200,75700,82200,"298,600",53.0,298600,PA,18,13,D,No,"231,472",0,0,100.0,0.0,62.1,34.6,Urban-suburban mix,D+13,95.1,2.2,0.9,1.0,0.1,0.8,36.5,36.1,63825,60.7
RI-1,Rhode Island,David Cicilline,25700,21600,34600,36100,51700,51800,"221,300",51.0,221300,RI,1,14,D,No,"116,099","57,567",417,66.7,33.1,60.5,34.9,Urban-suburban mix,D+14,79.0,6.3,10.5,2.2,0.4,1.6,34.2,38.7,56547,48.0
RI-2,Rhode Island,Jim Langevin,25100,20000,30000,35100,54100,58300,"222,600",52.0,222600,RI,2,6,D,No,"126,476","72,271",450,63.5,36.3,51.1,44.0,Sparse suburban,D+6,85.7,3.3,7.2,2.2,0.4,1.2,34.0,36.5,63976,54.3
SC-1,South Carolina,Joe Cunningham,39700,23500,50600,53300,67400,72500,"307,000",51.0,307000,SC,1,-10,D,Yes (to Democrats),"145,455","141,473",505,50.6,49.2,40.4,53.5,Sparse suburban,R+10,75.5,18.3,3.2,1.5,0.3,1.3,39.9,45.4,64973,41.2
SC-2,South Carolina,Joe Wilson,38500,26900,40500,52200,67700,68500,"294,300",51.0,294300,SC,2,-12,R,No,"109,199","144,642","3,298",42.5,56.3,38.6,56.3,Rural-suburban mix,R+12,71.5,22.9,2.6,1.4,0.2,1.4,33.5,36.0,57253,45.7
SC-3,South Carolina,Jeff Duncan,35100,26400,34200,46100,65800,64600,"272,200",51.0,272200,SC,3,-19,R,No,"70,046","153,338","2,820",31.0,67.8,29.0,67.0,Pure rural,R+19,78.2,18.5,1.8,0.6,0.2,0.8,22.0,25.2,45042,58.4
SC-4,South Carolina,William Timmons,39900,25000,42400,51300,69600,63400,"291,700",50.0,291700,SC,4,-15,R,No,"89,182","145,321","9,447",36.6,59.6,34.5,60.2,Sparse suburban,R+15,74.6,19.2,3.4,1.6,0.2,1.0,30.7,35.1,51718,48.4
SC-5,South Carolina,Ralph Norman,37800,23600,37200,49600,69200,66000,"283,500",51.0,283500,SC,5,-9,R,No,"103,129","141,757","3,693",41.5,57.0,38.8,57.3,Pure rural,R+9,68.8,26.7,2.3,0.8,0.4,1.1,23.0,27.3,48743,50.0
SC-6,South Carolina,Jim Clyburn,34000,32000,43600,41700,58000,61500,"270,900",50.0,270900,SC,6,19,D,No,"144,765","58,282","3,386",70.1,28.2,66.8,30.3,Pure rural,D+19,39.6,56.3,2.0,0.7,0.3,1.2,19.6,27.7,35296,28.6
SC-7,South Carolina,Tom Rice,34700,21200,37900,48400,63900,71800,"278,000",52.0,278000,SC,7,-9,R,No,"96,564","142,681",309,40.3,59.6,39.1,58.0,Rural-suburban mix,R+9,68.4,27.9,1.7,0.7,0.6,0.8,20.1,23.2,43146,52.5
SD-AL,South Dakota,Dusty Johnson,50000,31100,51000,57100,75900,87400,"352,500",50.0,352500,SD,AL,-14,R,No,"121,033","202,695","12,237",36.0,60.3,31.7,61.5,Pure rural,R+14,87.8,1.0,2.0,0.6,7.0,1.5,28.9,30.9,54467,60.6
TN-1,Tennessee,Phil Roe,34000,23100,35400,50500,69000,70000,"281,900",52.0,281900,TN,1,-28,R,No,"47,138","172,835","4,309",21.0,77.1,19.7,76.7,Rural-suburban mix,R+28,94.8,2.1,1.3,0.5,0.3,1.1,19.4,19.8,41006,76.0
TN-2,Tennessee,Tim Burchett,36600,28700,40800,51000,70300,71900,"299,300",51.0,299300,TN,2,-20,R,No,"86,668","172,856","2,609",33.1,65.9,29.7,65.1,Rural-suburban mix,R+20,90.3,5.8,1.6,1.0,0.2,1.1,31.0,30.9,50701,62.3
TN-3,Tennessee,Chuck Fleischmann,35500,23000,40300,50000,69000,71400,"289,300",52.0,289300,TN,3,-18,R,No,"84,731","156,512","4,522",34.5,63.7,30.2,65.4,Rural-suburban mix,R+18,85.7,10.4,1.6,0.9,0.3,1.1,22.7,23.5,43938,65.5
TN-4,Tennessee,Scott DesJarlais,42200,29300,42400,57600,72900,70300,"314,800",50.0,314800,TN,4,-20,R,No,"78,065","147,323","7,063",33.6,63.4,27.4,68.6,Rural-suburban mix,R+20,86.0,8.3,2.3,1.0,0.2,2.0,22.6,23.0,50598,66.1
TN-5,Tennessee,Jim Cooper,39000,28500,63800,61100,69200,68000,"329,500",50.0,329500,TN,5,7,D,No,"177,923","84,317",8,67.8,32.2,56.5,38.2,Sparse suburban,D+7,68.5,25.1,3.0,1.7,0.3,1.3,37.5,43.6,54470,38.6
TN-6,Tennessee,John Rose,40500,23700,38900,52300,74400,74200,"304,000",51.0,304000,TN,6,-24,R,No,"70,370","172,810","5,560",28.3,69.5,23.7,72.6,Pure rural,R+24,92.5,4.0,1.6,0.6,0.3,1.0,21.9,21.9,50731,72.2
TN-7,Tennessee,Mark Green,44800,24600,44000,57900,72800,68800,"312,900",50.0,312900,TN,7,-20,R,No,"81,661","170,071","2,652",32.1,66.9,28.2,67.5,Pure rural,R+20,84.2,9.9,3.2,1.2,0.3,1.2,28.1,28.8,53276,59.9
TN-8,Tennessee,David Kustoff,39800,23600,36100,49800,70100,70700,"290,000",51.0,290000,TN,8,-19,R,No,"74,755","168,030","5,560",30.1,67.7,30.7,66.3,Rural-suburban mix,R+19,76.8,19.3,1.7,1.2,0.2,0.8,27.6,28.9,54145,54.5
TN-9,Tennessee,Steve Cohen,42800,27100,49800,51800,61000,64700,"297,100",49.0,297100,TN,9,28,D,No,"145,139","34,901","1,436",80.0,19.2,77.5,19.8,Dense suburban,D+28,29.2,66.4,2.1,1.1,0.1,1.0,24.1,38.2,39761,18.0
TX-1,Texas,Louie Gohmert,42300,26800,40600,49100,61900,67100,"287,900",49.0,287900,TX,1,-25,R,No,"61,263","168,165","3,292",26.3,72.3,25.3,72.2,Pure rural,R+25,71.3,18.5,8.2,0.8,0.4,0.9,20.9,24.7,45313,53.7
TX-2,Texas,Dan Crenshaw,42500,26300,55000,64000,70500,78300,"336,600",51.0,336600,TX,2,-11,R,No,"119,992","139,188","4,212",45.6,52.8,43.1,52.4,Dense suburban,R+11,59.9,11.5,20.6,6.4,0.3,1.4,40.8,49.9,72711,29.9
TX-3,Texas,Van Taylor,52300,24800,47600,78500,94400,70900,"368,400",50.0,368400,TX,3,-13,R,No,"138,234","169,520","4,757",44.2,54.2,40.6,54.8,Dense suburban,R+13,69.2,9.1,9.7,10.0,0.3,1.6,53.5,55.0,88619,31.1
TX-4,Texas,John Ratcliffe,42500,23100,38800,52300,66500,68600,"291,800",50.0,291800,TX,4,-28,R,No,"57,400","188,667","3,178",23.0,75.7,21.8,75.4,Pure rural,R+28,79.6,10.7,6.9,0.7,0.6,1.5,22.1,24.3,52481,60.2
TX-5,Texas,Lance Gooden,45400,25700,45200,56800,70800,64300,"308,100",49.0,308100,TX,5,-16,R,No,"78,666","130,617",224,37.5,62.3,34.3,62.7,Rural-suburban mix,R+16,66.8,16.2,13.9,1.6,0.5,1.1,21.1,26.0,50536,49.4
TX-6,Texas,Ron Wright,46200,27100,48000,59300,76500,63500,"320,600",49.0,320600,TX,6,-9,R,No,"116,350","135,961","3,731",45.4,53.1,41.9,54.2,Dense suburban,R+9,60.1,19.4,14.5,4.2,0.4,1.4,28.7,32.2,65758,40.7
TX-7,Texas,Lizzie Fletcher,49100,21200,59500,69700,73800,66400,"339,600",49.0,339600,TX,7,-7,D,Yes (to Democrats),"127,959","115,642",0,52.5,47.5,48.5,47.1,Urban-suburban mix,R+7,56.8,14.1,19.0,8.7,0.2,1.3,50.7,61.5,71183,21.8
TX-8,Texas,Kevin Brady,48100,28000,46400,62400,82200,76900,"344,000",50.0,344000,TX,8,-28,R,No,"67,930","200,619","4,621",24.9,73.4,23.9,72.7,Rural-suburban mix,R+28,74.9,9.0,12.4,2.2,0.3,1.2,30.2,32.5,64861,50.5
TX-9,Texas,Al Green,49100,31200,61300,64800,66700,62000,"335,100",48.0,335100,TX,9,29,D,No,"136,256",0,"16,745",89.1,0.0,79.3,18.0,Urban-suburban mix,D+29,16.9,47.7,23.2,11.0,0.2,1.0,23.8,44.5,46048,9.4
TX-10,Texas,Michael McCaul,49100,22800,54600,67300,79700,72500,"346,000",50.0,346000,TX,10,-9,R,No,"144,034","157,166","6,627",46.8,51.1,43.2,52.3,Rural-suburban mix,R+9,65.6,11.2,17.7,4.0,0.2,1.3,38.7,45.5,73476,35.7
TX-11,Texas,Mike Conaway,45700,29100,49300,48200,66200,69400,"308,000",49.0,308000,TX,11,-32,R,No,"40,631","176,603","3,143",18.4,80.1,19.1,77.8,Rural-suburban mix,R+32,65.9,3.7,28.4,0.7,0.3,1.0,20.4,26.3,50602,48.5
TX-12,Texas,Kay Granger,47700,27000,51500,60700,77300,73000,"337,200",50.0,337200,TX,12,-18,R,No,"90,994","172,557","4,940",33.9,64.3,32.7,62.9,Sparse suburban,R+18,72.4,8.4,14.8,2.7,0.4,1.3,29.9,34.3,62214,47.5
TX-13,Texas,Mac Thornberry,42300,26800,42600,50500,63200,66100,"291,500",49.0,291500,TX,13,-33,R,No,"35,083","169,027","3,175",16.9,81.5,16.9,79.9,Rural-suburban mix,R+33,73.8,5.5,17.5,1.3,0.6,1.3,20.4,24.7,50150,55.6
TX-14,Texas,Randy Weber,43300,24900,44300,58300,72400,71600,"314,600",50.0,314600,TX,14,-12,R,No,"92,212","138,942","3,374",39.3,59.2,38.4,58.2,Sparse suburban,R+12,59.0,20.9,16.4,2.4,0.3,1.0,22.7,28.4,58103,42.2
TX-15,Texas,Vicente Gonzalez,57100,30600,48100,57800,60300,53000,"306,900",46.0,306900,TX,15,7,D,No,"98,333","63,862","2,607",59.7,38.8,56.7,40.0,Sparse suburban,D+7,23.1,2.4,72.8,1.2,0.2,0.4,19.8,31.1,41947,15.9
TX-16,Texas,Veronica Escobar,48500,30900,49900,53900,63200,55900,"302,200",48.0,302200,TX,16,17,D,No,"124,437","49,127","8,190",68.5,27.0,67.9,27.2,Dense suburban,D+17,19.0,4.3,74.4,1.2,0.3,0.8,23.9,37.0,44045,11.9
TX-17,Texas,Bill Flores,41500,43300,50500,52900,64600,61100,"313,900",48.0,313900,TX,17,-12,R,No,"98,070","134,841","4,440",41.3,56.8,38.8,56.3,Rural-suburban mix,R+12,65.6,13.3,16.6,2.9,0.2,1.4,29.4,36.3,50888,41.8
TX-18,Texas,Sheila Jackson Lee,47800,30500,58800,62400,69500,59200,"328,200",48.0,328200,TX,18,27,D,No,"138,704","38,368","7,260",75.2,20.8,76.5,20.0,Dense suburban,D+27,23.6,46.4,25.0,3.9,0.1,1.0,22.4,49.6,42662,11.8
TX-19,Texas,Jodey Arrington,43600,37700,45900,48000,57000,60000,"292,300",48.0,292300,TX,19,-27,R,No,"50,039","151,946",0,24.8,75.2,23.5,72.5,Rural-suburban mix,R+27,62.5,6.0,29.0,1.0,0.4,1.1,22.4,30.8,47875,43.2
TX-20,Texas,Joaquin Castro,49500,34200,56100,60800,64100,54500,"319,200",47.0,319200,TX,20,10,D,No,"139,038",0,"32,925",80.9,0.0,61.0,34.3,Dense suburban,D+10,26.7,5.6,64.3,2.2,0.2,1.0,24.7,42.7,49421,15.3
TX-21,Texas,Chip Roy,36500,29600,55500,57400,72000,77700,"328,700",51.0,328700,TX,21,-10,R,No,"168,421","177,654","7,542",47.6,50.2,42.5,52.5,Dense suburban,R+10,69.6,3.3,23.1,2.3,0.2,1.4,45.1,49.7,68987,35.0
TX-22,Texas,Pete Olson,57700,26500,51500,77700,87800,79200,"380,400",50.0,380400,TX,22,-10,R,No,"138,153","152,750","6,502",46.5,51.4,44.2,52.1,Sparse suburban,R+10,49.7,14.5,19.5,14.7,0.3,1.3,45.1,46.6,87901,26.5
TX-23,Texas,Will Hurd,50700,29100,46000,55900,62500,58300,"302,500",47.0,302500,TX,23,-1,R,No,"102,359","103,285","4,425",48.7,49.2,49.8,46.4,Rural-suburban mix,R+1,31.8,3.8,62.0,1.2,0.4,0.8,21.7,38.4,51293,19.6
TX-24,Texas,Kenny Marchant,45100,23800,59300,67900,82400,72100,"350,700",51.0,350700,TX,24,-9,R,No,"125,231","133,317","4,870",47.5,50.6,44.5,50.7,Dense suburban,R+9,63.3,11.6,14.5,8.4,0.3,1.8,44.7,50.9,70454,31.0
TX-25,Texas,Roger Williams,43500,28400,45300,63000,74100,71900,"326,100",50.0,326100,TX,25,-11,R,No,"136,385","163,023","5,145",44.8,53.5,40.2,55.1,Rural-suburban mix,R+11,74.9,7.1,13.5,2.3,0.3,1.8,37.2,41.4,69083,43.8
TX-26,Texas,Michael Burgess,53700,27800,53100,75100,85800,67000,"362,500",49.0,362500,TX,26,-18,R,No,"121,938","185,551","5,016",39.0,59.4,34.4,60.9,Sparse suburban,R+18,74.4,7.5,12.0,3.9,0.4,1.8,44.2,46.7,87272,39.6
TX-27,Texas,Michael Cloud,44400,27000,43900,52400,61300,68800,"297,900",49.0,297900,TX,27,-13,R,No,"75,929","125,118","6,374",36.6,60.3,36.5,60.1,Rural-suburban mix,R+13,47.3,5.4,45.2,1.1,0.2,0.8,20.3,29.3,53047,33.4
TX-28,Texas,Henry Cuellar,54000,29000,40000,56200,60000,51800,"291,000",46.0,291000,TX,28,9,D,No,"117,494",0,"21,732",84.4,0.0,58.3,38.5,Sparse suburban,D+9,24.5,5.3,68.3,0.8,0.2,0.9,17.7,28.3,44021,17.5
TX-29,Texas,Sylvia Garcia,57100,30600,55200,58700,65200,53000,"319,800",46.0,319800,TX,29,19,D,No,"88,188","28,098","1,208",75.1,23.9,71.1,25.4,Dense suburban,D+19,18.7,16.1,62.3,2.1,0.3,0.5,10.4,21.1,41737,14.7
TX-30,Texas,Eddie Bernice Johnson,48900,27800,52600,59500,70100,59000,"318,000",48.0,318000,TX,30,29,D,No,"166,784",0,"16,390",91.1,0.0,79.1,18.3,Dense suburban,D+29,22.6,52.8,21.4,1.9,0.2,1.1,20.5,40.8,44689,13.3
TX-31,Texas,John Carter,51800,27800,54300,69600,74000,62900,"340,300",49.0,340300,TX,31,-10,R,No,"136,362","144,680","4,965",47.7,50.6,40.8,53.5,Sparse suburban,R+10,64.8,11.2,18.3,3.4,0.3,2.0,34.3,38.3,69228,40.0
TX-32,Texas,Colin Allred,42800,26000,55500,58700,71400,69800,"324,300",50.0,324300,TX,32,-5,D,Yes (to Democrats),"144,067","126,101","5,452",52.3,45.8,48.5,46.6,Dense suburban,R+5,63.8,13.0,14.2,6.7,0.2,2.0,43.4,55.7,70119,28.2
TX-33,Texas,Marc Veasey,55900,28700,51800,59500,62800,50800,"309,600",46.0,309600,TX,33,23,D,No,"90,805","26,120","2,299",76.2,21.9,72.9,23.7,Dense suburban,D+23,27.0,24.4,44.9,2.5,0.3,0.9,9.3,24.3,38445,20.4
TX-34,Texas,Filemon Vela,52200,29600,41500,50000,59700,52900,"285,900",46.0,285900,TX,34,10,D,No,"85,825","57,243",0,60.0,40.0,59.2,37.7,Rural-suburban mix,D+10,20.4,1.7,77.1,0.5,0.1,0.2,15.1,26.1,37989,15.0
TX-35,Texas,Lloyd Doggett,50800,34900,69400,63900,67400,54400,"340,700",47.0,340700,TX,35,15,D,No,"138,278","50,553","5,236",71.3,26.0,64.1,30.5,Dense suburban,D+15,34.2,10.6,52.4,1.3,0.2,1.2,20.4,34.3,48490,22.4
TX-36,Texas,Brian Babin,43000,26200,42400,54400,69400,73000,"308,300",50.0,308300,TX,36,-26,R,No,"60,908","161,048",0,27.4,72.6,25.2,72.0,Rural-suburban mix,R+26,71.6,9.5,15.6,1.7,0.4,1.2,19.4,21.7,58984,56.0
UT-1,Utah,Rob Bishop,55300,30600,48900,57600,54600,56000,"302,900",46.0,302900,UT,1,-26,R,No,"63,308","156,692","34,333",24.9,61.6,22.4,49.7,Sparse suburban,R+26,87.3,0.9,7.9,1.6,0.9,1.3,28.9,31.3,65896,59.9
UT-2,Utah,Chris Stewart,50000,29200,51500,55700,55800,60300,"302,400",47.0,302400,UT,2,-16,R,No,"105,051","151,489","13,504",38.9,56.1,32.0,46.0,Rural-suburban mix,R+16,85.7,0.9,8.4,2.7,0.9,1.3,32.5,35.3,60700,55.4
UT-3,Utah,John Curtis,56000,40600,45100,52600,53900,49800,"298,000",45.0,298000,UT,3,-25,R,No,"70,686","174,856","13,316",27.3,67.5,23.3,47.2,Sparse suburban,R+25,88.8,0.5,5.9,1.9,1.4,1.6,41.6,44.0,70763,49.7
UT-4,Utah,Ben McAdams,57000,25500,54900,66900,58300,55000,"317,700",47.0,317700,UT,4,-13,D,Yes (to Democrats),"134,964","134,270",37,50.1,49.9,32.4,39.1,Dense suburban,R+13,84.4,1.2,9.2,3.3,0.7,1.2,28.2,31.2,68711,58.0
VT-AL,Vermont,Peter Welch,28800,24700,31700,39900,64100,74000,"263,200",53.0,263200,VT,AL,15,D,No,"188,547","70,705","13,199",69.2,26.0,56.7,30.3,Pure rural,D+15,95.4,0.8,1.4,0.9,0.3,1.3,36.4,36.5,57677,60.5
VA-1,Virginia,Rob Wittman,44400,25400,42200,57700,80000,69200,"318,900",50.0,318900,VA,1,-8,R,No,"148,464","183,250",387,44.7,55.2,41.2,53.6,Rural-suburban mix,R+8,73.3,16.7,5.3,2.4,0.4,1.9,37.5,41.2,81338,43.0
VA-2,Virginia,Elaine Luria,39200,37400,52300,51100,68200,62400,"310,700",49.0,310700,VA,2,-3,D,Yes (to Democrats),"139,571","133,458",371,51.1,48.8,45.4,48.8,Dense suburban,R+3,68.0,19.3,5.5,4.4,0.3,2.4,34.4,38.5,66953,41.8
VA-3,Virginia,Bobby Scott,40300,38300,52500,49200,67300,62000,"309,500",49.0,309500,VA,3,16,D,No,"198,615",0,"19,107",91.2,0.0,63.6,31.9,Dense suburban,D+16,46.3,45.1,4.0,2.2,0.3,2.1,26.2,32.3,51794,31.3
VA-4,Virginia,Don McEachin,38500,30000,51500,53300,72000,67800,"313,100",50.0,313100,VA,4,10,D,No,"187,642","107,706","4,506",62.6,35.9,58.7,37.1,Rural-suburban mix,D+10,52.1,41.5,2.8,1.6,0.3,1.8,30.1,37.8,54607,32.4
VA-5,Virginia,Denver Riggleman,35500,23900,38200,48300,70300,74900,"291,100",52.0,291100,VA,5,-6,R,No,"145,040","165,339",547,46.6,53.2,42.3,53.4,Pure rural,R+6,75.9,20.1,1.6,1.0,0.2,1.2,27.9,31.5,52237,52.0
VA-6,Virginia,Ben Cline,36200,28500,39700,48300,68700,70400,"291,700",51.0,291700,VA,6,-13,R,No,"113,133","167,957",287,40.2,59.7,34.9,59.7,Rural-suburban mix,R+13,84.9,10.2,2.4,1.1,0.2,1.2,26.6,28.7,50061,60.5
VA-7,Virginia,Abigail Spanberger,43000,20700,43000,57400,77800,71200,"313,100",51.0,313100,VA,7,-6,D,Yes (to Democrats),"176,079","169,295","4,429",50.3,48.4,44.0,50.5,Rural-suburban mix,R+6,73.2,18.4,3.5,3.0,0.2,1.6,39.0,43.1,73580,41.6
VA-8,Virginia,Don Beyer,37800,26300,70200,68700,73300,63100,"339,400",51.0,339400,VA,8,21,D,No,"247,137","76,899",712,76.1,23.7,73.5,20.9,Urban-suburban mix,D+21,64.1,13.6,10.0,9.8,0.2,2.4,61.8,77.1,100719,14.6
VA-9,Virginia,Morgan Griffith,32900,30200,37200,49500,67900,73300,"291,100",52.0,291100,VA,9,-19,R,No,"85,833","160,933",214,34.8,65.2,27.3,68.8,Pure rural,R+19,91.8,5.4,1.1,0.8,0.1,0.8,20.4,20.0,41698,73.4
VA-10,Virginia,Jennifer Wexton,50300,19900,48400,70500,81900,60300,"331,300",50.0,331300,VA,10,1,D,Yes (to Democrats),"206,356","160,841",598,56.1,43.7,52.2,42.2,Sparse suburban,D+1,72.5,7.2,7.1,10.9,0.3,2.1,54.3,56.7,120384,31.3
VA-11,Virginia,Gerry Connolly,46100,23000,51000,65400,79600,66300,"331,400",50.0,331400,VA,11,15,D,No,"219,191","83,023","6,051",71.1,26.9,66.9,27.5,Dense suburban,D+15,58.2,13.5,10.8,14.7,0.1,2.8,55.5,66.5,106554,19.4
WA-1,Washington,Suzan DelBene,39800,18700,42100,59100,78700,77900,"316,300",52.0,316300,WA,1,6,D,No,"197,209","135,534",0,59.3,40.7,54.1,37.8,Sparse suburban,D+6,83.8,1.1,4.8,6.7,1.0,2.5,43.4,41.5,91018,48.9
WA-2,Washington,Rick Larsen,37200,27900,49000,51400,66600,73000,"305,100",51.0,305100,WA,2,10,D,No,"210,187",0,"84,646",71.3,0.0,56.9,34.8,Dense suburban,D+10,80.4,2.4,5.8,7.0,1.2,3.3,30.3,31.4,65187,55.1
WA-3,Washington,Jaime Herrera Beutler,40700,20800,39400,52300,67400,72100,"292,600",51.0,292600,WA,3,-4,R,No,"145,407","161,819",0,47.3,52.7,42.5,49.9,Rural-suburban mix,R+4,87.6,1.4,4.5,3.0,0.8,2.8,25.4,25.8,61304,65.0
WA-4,Washington,Dan Newhouse,49500,24200,42700,49500,59200,59900,"285,000",48.0,285000,WA,4,-13,R,No,"83,785","141,551",0,37.2,62.8,35.1,57.9,Rural-suburban mix,R+13,72.6,1.1,20.4,1.3,2.6,2.0,20.1,26.4,52484,53.4
WA-5,Washington,Cathy McMorris Rodgers,35800,29900,43200,43600,61200,69900,"283,500",50.0,283500,WA,5,-8,R,No,"144,925","175,422",0,45.2,54.8,39.1,52.2,Rural-suburban mix,R+8,88.5,1.4,4.1,1.9,1.4,2.6,30.4,30.9,51697,61.1
WA-6,Washington,Derek Kilmer,31000,23400,39400,42200,62500,77000,"275,400",53.0,275400,WA,6,6,D,No,"206,409","116,677",0,63.9,36.1,51.8,39.5,Rural-suburban mix,D+6,82.5,3.5,4.6,3.8,1.7,3.9,29.7,31.6,60616,56.4
WA-7,Washington,Pramila Jayapal,27900,28400,69200,66400,69800,71700,"333,300",53.0,333300,WA,7,33,D,No,"329,800","64,881",0,83.6,16.4,82.1,12.2,Urban-suburban mix,D+33,78.1,3.5,5.0,8.8,0.6,4.1,61.0,64.5,84579,27.7
WA-8,Washington,Kim Schrier,42500,23400,43800,58600,77100,74300,"319,700",51.0,319700,WA,8,0,D,Yes (to Democrats),"164,089","148,968",0,52.4,47.6,47.7,44.7,Sparse suburban,EVEN,81.3,2.7,6.1,6.4,0.9,2.8,34.5,35.1,79516,52.7
WA-9,Washington,Adam Smith,38400,22800,57100,58800,75600,66100,"318,800",51.0,318800,WA,9,21,D,No,"240,567",0,0,100.0,0.0,70.5,23.3,Dense suburban,D+21,58.5,10.5,6.0,19.8,0.7,4.6,41.8,48.1,75407,30.3
WA-10,Washington,Denny Heck,42400,25600,49400,53400,65800,68100,"304,800",50.0,304800,WA,10,5,D,No,"166,215","103,860",0,61.5,38.5,51.3,39.9,Dense suburban,D+5,74.6,6.1,6.9,6.8,1.3,4.3,28.7,30.9,62206,51.4
WV-1,West Virginia,David McKinley,28000,24400,34200,43000,56200,62500,"248,300",52.0,248300,WV,1,-19,R,No,"70,217","127,997",0,35.4,64.6,26.4,68.0,Pure rural,R+19,95.0,2.4,0.9,0.6,0.2,0.9,23.5,23.1,45611,73.0
WV-2,West Virginia,Alex Mooney,32600,17500,34200,45100,60300,68300,"257,900",52.0,257900,WV,2,-17,R,No,"88,011","110,504","6,277",43.0,54.0,29.4,65.8,Pure rural,R+17,92.5,3.8,1.3,0.6,0.2,1.6,21.5,21.1,48358,72.9
WV-3,West Virginia,Carol Miller,30100,18100,30400,42200,53300,57700,"231,800",51.0,231800,WV,3,-23,R,No,"76,340","98,645",0,43.6,56.4,23.3,72.5,Pure rural,R+23,94.0,3.8,0.8,0.4,0.2,0.9,17.4,17.2,37728,77.8
WI-1,Wisconsin,Bryan Steil,38600,21500,38100,50200,77800,80200,"306,400",52.0,306400,WI,1,-5,R,No,"137,508","177,492","10,013",42.3,54.6,42.3,52.6,Sparse suburban,R+5,86.8,5.0,5.6,1.3,0.3,1.0,28.2,29.7,61589,61.0
WI-2,Wisconsin,Mark Pocan,38800,33900,48000,55400,69000,76300,"321,500",51.0,321500,WI,2,18,D,No,"309,116",0,38,100.0,0.0,65.8,29.0,Rural-suburban mix,D+18,89.4,3.6,2.9,2.4,0.3,1.3,42.6,43.3,65589,50.7
WI-3,Wisconsin,Ron Kind,36300,34400,38400,45200,66500,74400,"295,200",51.0,295200,WI,3,0,D,No,"187,888","126,980",0,59.7,40.3,44.8,49.3,Pure rural,EVEN,94.8,1.0,1.3,1.5,0.5,0.8,25.4,25.8,52154,70.3
WI-4,Wisconsin,Gwen Moore,43500,29500,53700,51600,62400,59000,"299,600",48.0,299600,WI,4,25,D,No,"206,487","59,091","7,170",75.7,21.7,74.0,21.8,Urban-suburban mix,D+25,52.6,32.8,9.7,2.6,0.5,1.8,27.4,39.9,41816,31.6
WI-5,Wisconsin,Jim Sensenbrenner,38500,22500,39900,51600,76700,81600,"310,700",52.0,310700,WI,5,-13,R,No,"138,385","225,619",1,38.0,62.0,37.3,57.4,Sparse suburban,R+13,92.4,1.8,3.3,1.4,0.2,0.8,36.9,36.9,68162,58.3
WI-6,Wisconsin,Glenn Grothman,36300,23800,37200,48700,73600,80300,"299,900",52.0,299900,WI,6,-8,R,No,"144,536","180,311",0,44.5,55.5,38.8,55.7,Rural-suburban mix,R+8,93.6,1.5,2.3,1.4,0.5,0.7,26.4,26.8,57129,68.5
WI-7,Wisconsin,Sean Duffy,36700,18100,33800,46900,73200,86600,"295,400",53.0,295400,WI,7,-8,R,No,"124,307","194,061","4,419",38.5,60.1,37.3,57.7,Pure rural,R+8,94.6,0.5,1.2,1.0,1.8,0.9,23.1,23.4,51738,72.5
WI-8,Wisconsin,Mike Gallagher,39700,22300,40100,51200,75300,78600,"307,000",52.0,307000,WI,8,-7,R,No,"119,265","209,410",0,36.3,63.7,38.6,56.2,Rural-suburban mix,R+7,92.3,1.0,2.2,1.4,2.1,1.0,25.4,26.0,57888,68.3
WY-AL,Wyoming,Liz Cheney,33100,21000,37600,42100,50900,63600,"248,300",51.0,248300,WY,AL,-25,R,No,"59,903","127,963","13,379",29.8,63.6,22.5,70.1,Pure rural,R+25,88.4,0.9,6.9,0.6,1.8,1.5,27.1,28.5,59882,63.1
